SKU组,型号,颜色,包含SKU,2024-Jan,2024-Feb,2024-Mar,2024-Apr,2024-May,2024-Jun,2024-Jul,2024-Aug,2024-Sep,2024-Oct,2024-Nov,2024-Dec,2025-Jan,2025-Feb,2025-Mar,2025-Apr,2025-May,2025-Jun,2025-Jul,2025-Aug,2025-Sep,2025-Oct,2025-Nov,2025-Dec,2026-Jan,2026-Feb,2026-Mar,2026-Apr,2026-May
LSWP-02M-ASV,LSWP-02M,Silver,LSWP-02M-ASV,1.0,0.0,2.0,1.0,1.0,0.0,1.0,3.0,5.0,2.0,1.0,0.0,2.0,3.0,0.0,1.0,0.0,1.0,1.0,1.0,1.0,1.0,0.0,2.0,1.0,0.0,0.0,1.0,0.0
LCS1-1PTR-SG,LCS1-1PTR,Space Gray,LCS1-1PTR-SG,0.0,1.0,0.0,0.0,1.0,0.0,0.0,1.0,0.0,1.0,5.0,1.0,0.0,1.0,2.0,1.0,0.0,0.0,1.0,1.0,2.0,5.0,3.0,0.0,1.0,1.0,1.0,1.0,1.0
LCS3-1P-ISWP,LCS3-1P,Ivory,LCS3-1P-ISWP,2.0,3.0,0.0,1.0,1.0,0.0,2.0,0.0,0.0,1.0,0.0,2.0,0.0,1.0,1.0,0.0,1.0,1.0,0.0,1.0,1.0,2.0,3.0,3.0,0.0,4.0,3.0,2.0,0.0
LMWP-02M-HAB,LMWP-02M,Hammered Antique Brass,LMWP-02M-HAB,2.0,0.0,1.0,2.0,3.0,1.0,4.0,2.0,0.0,0.0,1.0,4.0,1.0,1.0,3.0,1.0,1.0,2.0,1.0,1.0,2.0,2.0,0.0,2.0,3.0,2.0,3.0,1.0,2.0
LMWP-34M-HC,LMWP-34M,Hammered Chrome,LMWP-34M-HC,0.0,0.0,2.0,0.0,1.0,0.0,1.0,3.0,5.0,1.0,1.0,2.0,1.0,0.0,4.0,1.0,0.0,1.0,1.0,0.0,3.0,2.0,0.0,3.0,1.0,2.0,0.0,0.0,0.0
LMWP-22M-HB,LMWP-22M,Hammered Brass,LMWP-22M-HB,1.0,1.0,0.0,2.0,2.0,1.0,6.0,4.0,3.0,1.0,3.0,1.0,5.0,2.0,0.0,2.0,2.0,1.0,0.0,1.0,0.0,2.0,1.0,1.0,1.0,0.0,1.0,0.0,0.0
LWP-32O-AGR,LWP-32O,Acrylic Green,LWP-32O-AGR,0.0,2.0,1.0,0.0,4.0,0.0,3.0,1.0,4.0,5.0,1.0,2.0,2.0,0.0,1.0,4.0,0.0,2.0,1.0,1.0,1.0,1.0,0.0,1.0,2.0,0.0,1.0,0.0,0.0
LMWP-34M-HB,LMWP-34M,Hammered Brass,LMWP-34M-HB,1.0,0.0,0.0,0.0,2.0,2.0,0.0,1.0,0.0,3.0,3.0,4.0,1.0,3.0,2.0,3.0,0.0,0.0,0.0,2.0,1.0,0.0,0.0,1.0,0.0,2.0,3.0,2.0,1.0
LWP-12O-AGR,LWP-12O,Acrylic Green,LWP-12O-AGR,2.0,2.0,0.0,1.0,0.0,3.0,0.0,2.0,4.0,0.0,4.0,2.0,2.0,1.0,1.0,3.0,1.0,0.0,2.0,0.0,0.0,1.0,0.0,2.0,5.0,1.0,2.0,1.0,0.0
LCS2-1P-ISWP,LCS2-1P,Ivory,LCS2-1P-ISWP,1.0,2.0,4.0,1.0,2.0,6.0,0.0,1.0,1.0,2.0,0.0,2.0,2.0,1.0,0.0,0.0,0.0,2.0,0.0,0.0,0.0,1.0,0.0,0.0,4.0,3.0,2.0,1.0,0.0
LWP-01O-ARD,LWP-01O,Acrylic Red,"LWP-01O-ARD, LWP-01O-ARD5P",1.0,1.0,1.0,0.0,1.0,0.0,3.0,0.0,8.0,1.0,1.0,0.0,2.0,1.0,3.0,0.0,1.0,3.0,0.0,1.0,0.0,2.0,0.0,1.0,1.0,0.0,0.0,0.0,6.0
LCS1-1PTR-NK,LCS1-1PTR,Nickel,LCS1-1PTR-NK,1.0,0.0,1.0,3.0,0.0,1.0,1.0,3.0,0.0,1.0,0.0,3.0,1.0,1.0,2.0,2.0,0.0,1.0,0.0,0.0,0.0,2.0,9.0,3.0,3.0,0.0,1.0,4.0,0.0
LWP-1131O-ARG,LWP-1131O,Rose Gold,"LWP-1131O-ARG, LWP-1131O-ARG5P",1.0,0.0,1.0,1.0,1.0,3.0,3.0,1.0,0.0,1.0,0.0,2.0,4.0,1.0,0.0,1.0,2.0,2.0,0.0,0.0,5.0,1.0,3.0,8.0,2.0,3.0,0.0,0.0,0.0
LSWP-01M-AGD,LSWP-01M,Gold,LSWP-01M-AGD,1.0,2.0,0.0,3.0,2.0,1.0,1.0,4.0,0.0,2.0,2.0,1.0,6.0,3.0,2.0,0.0,1.0,0.0,0.0,0.0,2.0,6.0,0.0,1.0,0.0,2.0,0.0,0.0,2.0
LWP-34O-ABK,LWP-34O,Acrylic Black,"LWP-34O-ABK, LWP-34O-ABK5P",2.0,1.0,1.0,0.0,2.0,2.0,0.0,1.0,7.0,3.0,2.0,0.0,4.0,2.0,1.0,9.0,0.0,2.0,1.0,2.0,0.0,1.0,2.0,2.0,3.0,0.0,1.0,1.0,0.0
LSMWP-02M-PB,LSMWP-02M,Polished Brass,LSMWP-02M-PB,0.0,0.0,0.0,0.0,0.0,0.0,3.0,1.0,0.0,2.0,1.0,1.0,2.0,0.0,2.0,5.0,3.0,2.0,3.0,0.0,3.0,1.0,2.0,2.0,3.0,3.0,4.0,0.0,2.0
LMWP-41M-HC,LMWP-41M,Hammered Chrome,LMWP-41M-HC,0.0,1.0,1.0,3.0,1.0,3.0,2.0,5.0,6.0,3.0,3.0,1.0,3.0,3.0,0.0,2.0,1.0,2.0,0.0,2.0,0.0,0.0,0.0,3.0,2.0,0.0,0.0,0.0,0.0
LCS3-1P-GY,LCS3-1P,Gray,LCS3-1P-GY,2.0,0.0,2.0,0.0,1.0,1.0,0.0,4.0,3.0,0.0,2.0,2.0,1.0,4.0,0.0,3.0,5.0,1.0,4.0,1.0,1.0,3.0,6.0,4.0,3.0,2.0,1.0,0.0,2.0
LWP-32O-ARD,LWP-32O,Acrylic Red,LWP-32O-ARD,0.0,3.0,0.0,2.0,1.0,1.0,2.0,1.0,1.0,0.0,3.0,4.0,3.0,1.0,1.0,0.0,5.0,7.0,0.0,2.0,0.0,0.0,0.0,0.0,6.0,3.0,2.0,2.0,1.0
LS15-4W-I,LS15-4W,Ivory,LS15-4W-I,0.0,7.0,4.0,4.0,1.0,1.0,1.0,2.0,2.0,3.0,0.0,2.0,2.0,1.0,6.0,0.0,0.0,0.0,1.0,0.0,2.0,2.0,3.0,8.0,1.0,3.0,1.0,1.0,0.0
LCS3-1P-I,LCS3-1P,Ivory,LCS3-1P-I,0.0,2.0,2.0,0.0,0.0,0.0,0.0,0.0,2.0,3.0,0.0,6.0,4.0,4.0,2.0,2.0,4.0,2.0,1.0,4.0,5.0,0.0,2.0,0.0,2.0,0.0,1.0,1.0,0.0
LSMWP-01M-BRG,LSMWP-01M,Brushed Rose Gold,LSMWP-01M-BRG,4.0,0.0,0.0,1.0,2.0,1.0,1.0,22.0,5.0,4.0,0.0,0.0,1.0,0.0,1.0,0.0,1.0,1.0,1.0,0.0,1.0,3.0,1.0,1.0,1.0,1.0,3.0,2.0,2.0
LWP-01O-ARG,LWP-01O,Rose Gold,"LWP-01O-ARG, LWP-01O-ARG5P",0.0,0.0,2.0,0.0,5.0,1.0,9.0,3.0,2.0,6.0,0.0,2.0,2.0,2.0,0.0,2.0,0.0,3.0,2.0,2.0,0.0,0.0,3.0,1.0,5.0,1.0,0.0,1.0,0.0
LMWP-02M-HAC,LMWP-02M,Hammered Antique Copper,LMWP-02M-HAC,4.0,4.0,0.0,1.0,6.0,1.0,5.0,4.0,2.0,0.0,4.0,3.0,0.0,3.0,4.0,1.0,4.0,0.0,2.0,2.0,1.0,0.0,5.0,0.0,3.0,1.0,2.0,2.0,2.0
LMWP-33M-HC,LMWP-33M,Hammered Chrome,LMWP-33M-HC,1.0,1.0,0.0,1.0,3.0,2.0,5.0,6.0,1.0,2.0,2.0,3.0,3.0,1.0,3.0,2.0,0.0,1.0,2.0,5.0,1.0,5.0,7.0,5.0,4.0,1.0,4.0,3.0,4.0
LSMWP-02M-PC,LSMWP-02M,Polished Chrome,LSMWP-02M-PC,0.0,3.0,2.0,2.0,2.0,1.0,3.0,1.0,4.0,2.0,2.0,2.0,3.0,1.0,1.0,2.0,1.0,1.0,3.0,3.0,1.0,2.0,3.0,1.0,1.0,3.0,0.0,20.0,9.0
LMWP-22M-HC,LMWP-22M,Hammered Chrome,LMWP-22M-HC,0.0,1.0,0.0,0.0,3.0,0.0,2.0,4.0,6.0,4.0,4.0,3.0,2.0,3.0,2.0,1.0,1.0,4.0,1.0,2.0,3.0,4.0,0.0,1.0,2.0,6.0,0.0,7.0,2.0
LMWP-14M-HC,LMWP-14M,Hammered Chrome,LMWP-14M-HC,1.0,0.0,0.0,1.0,1.0,4.0,5.0,1.0,0.0,2.0,1.0,3.0,2.0,11.0,4.0,5.0,1.0,1.0,7.0,3.0,5.0,4.0,3.0,3.0,2.0,1.0,0.0,2.0,1.0
LSMWP-01M-PB,LSMWP-01M,Polished Brass,LSMWP-01M-PB,1.0,1.0,0.0,0.0,3.0,2.0,3.0,7.0,0.0,4.0,3.0,1.0,5.0,2.0,2.0,4.0,3.0,1.0,2.0,2.0,2.0,0.0,5.0,4.0,5.0,3.0,5.0,2.0,2.0
LCS1-1PTR-GY,LCS1-1PTR,Gray,LCS1-1PTR-GY,3.0,6.0,6.0,1.0,3.0,1.0,2.0,4.0,1.0,1.0,4.0,4.0,1.0,1.0,3.0,7.0,5.0,2.0,4.0,1.0,3.0,2.0,5.0,0.0,5.0,1.0,4.0,2.0,1.0
LCS1-1PTR-ISWP,LCS1-1PTR,Ivory,LCS1-1PTR-ISWP,1.0,5.0,4.0,6.0,3.0,3.0,3.0,2.0,1.0,2.0,3.0,0.0,8.0,6.0,7.0,0.0,4.0,1.0,2.0,2.0,4.0,2.0,1.0,3.0,1.0,0.0,1.0,2.0,0.0
LCS1-1PTR-SVSWP,LCS1-1PTR,Silver,LCS1-1PTR-SVSWP,4.0,6.0,6.0,1.0,4.0,4.0,1.0,2.0,1.0,4.0,6.0,6.0,10.0,2.0,3.0,5.0,2.0,0.0,3.0,2.0,1.0,3.0,1.0,2.0,1.0,1.0,0.0,1.0,0.0
LMWP-41M-HB,LMWP-41M,Hammered Brass,LMWP-41M-HB,8.0,5.0,5.0,2.0,5.0,3.0,7.0,3.0,0.0,1.0,3.0,2.0,6.0,1.0,3.0,0.0,1.0,0.0,3.0,0.0,2.0,0.0,0.0,2.0,3.0,1.0,1.0,0.0,0.0
LSWP-34M-SV,LSWP-34M,Silver,LSWP-34M-SV,3.0,3.0,6.0,11.0,3.0,6.0,2.0,2.0,3.0,3.0,1.0,1.0,4.0,2.0,1.0,3.0,1.0,3.0,1.0,1.0,2.0,0.0,3.0,2.0,0.0,0.0,4.0,6.0,6.0
LWP-01O-ABK,LWP-01O,Acrylic Black,"LWP-01O-ABK, LWP-01O-ABK5P",0.0,2.0,2.0,1.0,0.0,2.0,6.0,11.0,5.0,11.0,2.0,2.0,1.0,1.0,3.0,6.0,7.0,2.0,0.0,1.0,1.0,2.0,2.0,2.0,1.0,0.0,0.0,3.0,1.0
LCS2-1P-I,LCS2-1P,Ivory,LCS2-1P-I,2.0,1.0,1.0,0.0,0.0,0.0,0.0,1.0,10.0,2.0,6.0,6.0,1.0,8.0,3.0,1.0,0.0,3.0,1.0,2.0,6.0,2.0,2.0,5.0,2.0,3.0,0.0,3.0,0.0
LWP-12O-ARD,LWP-12O,Acrylic Red,"LWP-12O-ARD, LWP-12O-ARD5P",0.0,0.0,0.0,1.0,5.0,6.0,0.0,1.0,4.0,2.0,2.0,12.0,10.0,2.0,3.0,4.0,4.0,0.0,1.0,1.0,2.0,2.0,3.0,2.0,2.0,0.0,3.0,2.0,1.0
LCS3-1P-LA,LCS3-1P,Light Almond,LCS3-1P-LA,2.0,4.0,1.0,1.0,3.0,9.0,1.0,0.0,1.0,2.0,3.0,1.0,0.0,1.0,2.0,0.0,0.0,0.0,1.0,0.0,8.0,0.0,3.0,5.0,9.0,6.0,2.0,5.0,2.0
LSWP-01M-ASV,LSWP-01M,Silver,LSWP-01M-ASV,3.0,2.0,3.0,0.0,1.0,5.0,7.0,5.0,2.0,2.0,4.0,5.0,5.0,2.0,0.0,3.0,2.0,1.0,2.0,10.0,1.0,0.0,3.0,3.0,1.0,0.0,0.0,4.0,0.0
LWP-33O-ARG,LWP-33O,Rose Gold,"LWP-33O-ARG, LWP-33O-ARG5P",3.0,0.0,0.0,0.0,1.0,4.0,1.0,13.0,10.0,3.0,1.0,5.0,3.0,3.0,4.0,1.0,3.0,3.0,1.0,5.0,3.0,2.0,1.0,3.0,4.0,6.0,1.0,0.0,1.0
LSMWP-01M-PC,LSMWP-01M,Polished Chrome,LSMWP-01M-PC,1.0,0.0,2.0,0.0,1.0,4.0,11.0,1.0,4.0,4.0,1.0,1.0,3.0,6.0,6.0,2.0,2.0,0.0,0.0,5.0,8.0,1.0,0.0,3.0,1.0,5.0,4.0,2.0,4.0
LMWP-01M-HC,LMWP-01M,Hammered Chrome,LMWP-01M-HC,1.0,3.0,6.0,4.0,10.0,4.0,5.0,13.0,4.0,1.0,0.0,8.0,3.0,6.0,1.0,0.0,2.0,1.0,0.0,4.0,1.0,2.0,1.0,1.0,2.0,1.0,3.0,1.0,1.0
LMWP-14M-HB,LMWP-14M,Hammered Brass,LMWP-14M-HB,1.0,1.0,3.0,3.0,2.0,1.0,4.0,13.0,4.0,1.0,3.0,6.0,3.0,5.0,1.0,4.0,8.0,4.0,2.0,4.0,1.0,5.0,7.0,4.0,0.0,1.0,2.0,2.0,1.0
LCS3-1P-SVSWP,LCS3-1P,Silver,LCS3-1P-SVSWP,1.0,1.0,2.0,10.0,5.0,2.0,0.0,1.0,3.0,4.0,6.0,0.0,5.0,6.0,4.0,1.0,1.0,1.0,4.0,1.0,7.0,10.0,3.0,2.0,2.0,5.0,2.0,3.0,1.0
LWP-12O-ABL,LWP-12O,Acrylic Blue,LWP-12O-ABL,1.0,2.0,1.0,4.0,1.0,6.0,6.0,7.0,5.0,5.0,10.0,3.0,3.0,4.0,8.0,3.0,2.0,7.0,2.0,5.0,4.0,2.0,3.0,1.0,2.0,1.0,3.0,2.0,1.0
LMWP-22M-PC,LMWP-22M,Polished Chrome,LMWP-22M-PC,5.0,0.0,1.0,1.0,5.0,5.0,10.0,1.0,2.0,3.0,2.0,4.0,2.0,1.0,2.0,2.0,2.0,1.0,0.0,4.0,1.0,10.0,4.0,4.0,2.0,2.0,6.0,9.0,6.0
LCS3-1P-NK,LCS3-1P,Nickel,LCS3-1P-NK,0.0,2.0,1.0,1.0,0.0,0.0,0.0,1.0,2.0,0.0,9.0,1.0,1.0,2.0,2.0,4.0,3.0,0.0,3.0,4.0,3.0,4.0,4.0,9.0,6.0,4.0,0.0,11.0,0.0
LWP-12O-ABK,LWP-12O,Acrylic Black,"LWP-12O-ABK, LWP-12O-ABK5P",0.0,5.0,4.0,5.0,5.0,2.0,7.0,7.0,3.0,4.0,4.0,0.0,4.0,2.0,7.0,1.0,8.0,2.0,1.0,0.0,0.0,2.0,1.0,2.0,0.0,3.0,2.0,6.0,1.0
LR15-4TR-BKWP,LR15-4TR,Black,LR15-4TR-BKWP2P,10.0,0.0,4.0,0.0,2.0,4.0,0.0,2.0,2.0,2.0,8.0,0.0,0.0,4.0,4.0,2.0,0.0,2.0,4.0,0.0,0.0,4.0,8.0,2.0,4.0,0.0,2.0,0.0,2.0
LMWP-01M-HB,LMWP-01M,Hammered Brass,LMWP-01M-HB,4.0,1.0,11.0,4.0,2.0,6.0,6.0,5.0,3.0,4.0,5.0,0.0,5.0,4.0,0.0,2.0,0.0,1.0,1.0,0.0,0.0,5.0,4.0,2.0,7.0,2.0,1.0,3.0,3.0
LCS1-1PTR-SGSWP,LCS1-1PTR,Space Gray,LCS1-1PTR-SGSWP,1.0,1.0,4.0,4.0,7.0,3.0,1.0,0.0,3.0,5.0,12.0,10.0,9.0,2.0,8.0,2.0,2.0,2.0,5.0,5.0,3.0,4.0,1.0,1.0,6.0,1.0,1.0,2.0,3.0
LMWP-22M-HAC,LMWP-22M,Hammered Antique Copper,LMWP-22M-HAC,0.0,0.0,0.0,0.0,0.0,0.0,0.0,0.0,1.0,4.0,2.0,3.0,3.0,5.0,3.0,7.0,1.0,5.0,5.0,6.0,1.0,4.0,6.0,2.0,7.0,8.0,2.0,5.0,1.0
LMWP-22M-AC,LMWP-22M,Antique Copper,LMWP-22M-AC,3.0,2.0,3.0,1.0,0.0,0.0,2.0,5.0,3.0,5.0,4.0,2.0,1.0,1.0,4.0,0.0,1.0,0.0,2.0,7.0,0.0,11.0,8.0,10.0,4.0,4.0,1.0,5.0,0.0
LCS3-1P-SGSWP,LCS3-1P,Space Gray,LCS3-1P-SGSWP,1.0,1.0,4.0,4.0,1.0,1.0,2.0,3.0,2.0,6.0,3.0,3.0,7.0,4.0,5.0,3.0,10.0,1.0,4.0,4.0,3.0,8.0,10.0,6.0,3.0,8.0,6.0,2.0,1.0
LWP-11O-AGR,LWP-11O,Acrylic Green,"LWP-11O-AGR, LWP-11O-AGR5P",3.0,1.0,4.0,2.0,4.0,5.0,5.0,10.0,2.0,3.0,6.0,3.0,6.0,6.0,3.0,6.0,1.0,3.0,2.0,5.0,6.0,1.0,4.0,11.0,7.0,1.0,2.0,4.0,1.0
LMWP-14M-AC,LMWP-14M,Antique Copper,LMWP-14M-AC,1.0,3.0,3.0,2.0,5.0,3.0,0.0,1.0,7.0,1.0,4.0,0.0,2.0,3.0,3.0,2.0,1.0,2.0,0.0,3.0,4.0,10.0,9.0,7.0,13.0,4.0,4.0,5.0,3.0
LSMWP-32M-PRG,LSMWP-32M,Polished Rose Gold,LSMWP-32M-PRG,7.0,2.0,2.0,6.0,0.0,8.0,4.0,10.0,2.0,3.0,3.0,4.0,1.0,5.0,3.0,2.0,1.0,1.0,3.0,5.0,4.0,13.0,7.0,4.0,4.0,3.0,1.0,6.0,1.0
LMWP-34M-HAB,LMWP-34M,Hammered Antique Brass,LMWP-34M-HAB,2.0,3.0,0.0,1.0,5.0,3.0,3.0,5.0,6.0,1.0,0.0,4.0,6.0,4.0,4.0,2.0,1.0,2.0,3.0,7.0,2.0,10.0,10.0,2.0,8.0,4.0,4.0,4.0,5.0
LCS3-1P-GYSWP,LCS3-1P,Gray,LCS3-1P-GYSWP,2.0,1.0,1.0,2.0,3.0,0.0,3.0,7.0,3.0,4.0,4.0,8.0,2.0,7.0,10.0,3.0,0.0,8.0,1.0,6.0,3.0,4.0,1.0,0.0,5.0,3.0,8.0,7.0,1.0
LCS2-1P-SV,LCS2-1P,Silver,LCS2-1P-SV,2.0,3.0,1.0,4.0,2.0,2.0,4.0,3.0,8.0,4.0,7.0,4.0,3.0,1.0,3.0,3.0,3.0,3.0,0.0,5.0,5.0,8.0,6.0,6.0,4.0,5.0,8.0,7.0,3.0
LMWP-02M-PB,LMWP-02M,Polished Brass,LMWP-02M-PB,0.0,0.0,0.0,0.0,0.0,0.0,0.0,2.0,3.0,1.0,6.0,0.0,5.0,1.0,1.0,1.0,2.0,0.0,0.0,7.0,3.0,4.0,9.0,8.0,7.0,3.0,10.0,3.0,4.0
LCS3-1P-SG,LCS3-1P,Space Gray,LCS3-1P-SG,1.0,3.0,0.0,2.0,0.0,0.0,1.0,1.0,3.0,0.0,2.0,3.0,2.0,1.0,1.0,1.0,3.0,3.0,4.0,12.0,19.0,14.0,9.0,6.0,5.0,4.0,3.0,3.0,2.0
LMWP-1121M-HB,LMWP-1121M,Hammered Brass,LMWP-1121M-HB,1.0,1.0,0.0,3.0,7.0,2.0,0.0,6.0,5.0,3.0,4.0,4.0,1.0,2.0,5.0,6.0,4.0,2.0,0.0,3.0,4.0,8.0,8.0,4.0,10.0,4.0,4.0,4.0,8.0
LWP-32O-ABL,LWP-32O,Acrylic Blue,"LWP-32O-ABL, LWP-32O-ABL5P",6.0,3.0,1.0,5.0,3.0,3.0,4.0,2.0,2.0,8.0,3.0,3.0,9.0,9.0,7.0,6.0,9.0,6.0,1.0,10.0,0.0,7.0,2.0,1.0,2.0,0.0,1.0,3.0,0.0
LMWP-1121M-AC,LMWP-1121M,Antique Chrome,LMWP-1121M-AC,0.0,0.0,5.0,5.0,2.0,2.0,0.0,4.0,1.0,2.0,12.0,0.0,5.0,3.0,4.0,6.0,0.0,1.0,7.0,7.0,6.0,5.0,6.0,4.0,5.0,5.0,2.0,4.0,5.0
LMWP-1131M-HB,LMWP-1131M,Hammered Brass,LMWP-1131M-HB,0.0,6.0,2.0,2.0,4.0,2.0,2.0,9.0,5.0,3.0,4.0,4.0,9.0,1.0,6.0,3.0,12.0,4.0,3.0,6.0,6.0,2.0,6.0,7.0,3.0,5.0,3.0,5.0,3.0
LMWP-22M-HAB,LMWP-22M,Hammered Antique Brass,LMWP-22M-HAB,1.0,2.0,8.0,1.0,5.0,3.0,0.0,13.0,1.0,11.0,6.0,5.0,3.0,4.0,3.0,1.0,1.0,11.0,2.0,3.0,1.0,9.0,3.0,7.0,3.0,6.0,5.0,6.0,3.0
LWP-33O-ABK,LWP-33O,Acrylic Black,"LWP-33O-ABK, LWP-33O-ABK5P",3.0,2.0,6.0,2.0,1.0,2.0,4.0,6.0,9.0,8.0,5.0,6.0,6.0,6.0,5.0,6.0,0.0,2.0,4.0,5.0,3.0,2.0,2.0,5.0,4.0,0.0,6.0,10.0,3.0
LMWP-1121M-HC,LMWP-1121M,Hammered Chrome,LMWP-1121M-HC,0.0,2.0,1.0,5.0,6.0,4.0,6.0,5.0,6.0,6.0,7.0,3.0,11.0,7.0,9.0,4.0,9.0,3.0,3.0,5.0,5.0,3.0,7.0,6.0,1.0,1.0,2.0,2.0,1.0
LS15-4W-SV,LS15-4W,Silver,LS15-4W-SV,7.0,0.0,4.0,1.0,4.0,2.0,2.0,0.0,1.0,5.0,1.0,7.0,6.0,0.0,5.0,0.0,1.0,4.0,0.0,4.0,6.0,9.0,9.0,8.0,6.0,5.0,7.0,3.0,0.0
LSWP-34M-NK,LSWP-34M,Nickel,LSWP-34M-NK,3.0,6.0,6.0,3.0,6.0,3.0,10.0,4.0,3.0,15.0,6.0,2.0,2.0,3.0,4.0,4.0,3.0,4.0,3.0,3.0,6.0,3.0,6.0,3.0,1.0,7.0,6.0,7.0,4.0
LWP-34O-AGD,LWP-34O,Acrylic Gold,"LWP-34O-AGD, LWP-34O-AGD5P",1.0,5.0,1.0,0.0,5.0,7.0,4.0,6.0,9.0,7.0,4.0,2.0,9.0,4.0,6.0,3.0,9.0,5.0,4.0,5.0,2.0,6.0,7.0,2.0,5.0,2.0,4.0,6.0,2.0
LU-6C3-BKWP,LU-6C3,Black,LU-6C3-BKWP,14.0,5.0,5.0,1.0,1.0,0.0,3.0,2.0,2.0,1.0,16.0,11.0,6.0,2.0,6.0,7.0,7.0,7.0,0.0,5.0,4.0,4.0,4.0,3.0,3.0,2.0,4.0,1.0,2.0
LSWP-34M-BGY,LSWP-34M,Brushed Gray,LSWP-34M-BGY,4.0,7.0,4.0,12.0,5.0,2.0,3.0,9.0,9.0,5.0,13.0,2.0,2.0,4.0,2.0,3.0,3.0,1.0,1.0,8.0,1.0,7.0,11.0,2.0,5.0,5.0,3.0,2.0,3.0
LDFS-1P3S-LAWP,LDFS-1P3S,Light Almond,LDFS-1P3S-LAWP2P,6.0,6.0,10.0,2.0,2.0,2.0,0.0,6.0,2.0,0.0,2.0,0.0,8.0,0.0,0.0,6.0,14.0,4.0,2.0,2.0,2.0,4.0,8.0,8.0,2.0,4.0,6.0,2.0,0.0
LCS2-1P-SVSWP,LCS2-1P,Silver,LCS2-1P-SVSWP,2.0,5.0,4.0,7.0,4.0,3.0,0.0,8.0,5.0,7.0,4.0,6.0,8.0,0.0,9.0,2.0,0.0,3.0,2.0,3.0,5.0,9.0,16.0,1.0,5.0,2.0,2.0,2.0,1.0
LMWP-1131M-AC,LMWP-1131M,Antique Chrome,LMWP-1131M-AC,0.0,2.0,3.0,1.0,1.0,2.0,1.0,4.0,3.0,5.0,7.0,3.0,3.0,10.0,5.0,13.0,6.0,4.0,3.0,7.0,11.0,9.0,4.0,2.0,7.0,6.0,1.0,7.0,0.0
LWP-34M-GY,LWP-34M,Gray,LWP-34M-GY,3.0,3.0,2.0,1.0,0.0,7.0,5.0,4.0,2.0,2.0,3.0,8.0,20.0,12.0,3.0,5.0,4.0,1.0,1.0,6.0,8.0,10.0,3.0,2.0,1.0,1.0,5.0,11.0,2.0
LCS1-1PTR-NKSWP,LCS1-1PTR,Nickel,"LCS1-1PTR-NKSWP, LCS1-1PTR-NKSWP2P",6.0,4.0,8.0,8.0,1.0,2.0,2.0,3.0,6.0,5.0,2.0,11.0,9.0,4.0,4.0,5.0,4.0,1.0,1.0,3.0,0.0,7.0,2.0,6.0,8.0,4.0,5.0,8.0,8.0
LSWP-34M-SG,LSWP-34M,Space Gray,LSWP-34M-SG,8.0,9.0,5.0,13.0,6.0,6.0,10.0,9.0,4.0,4.0,4.0,4.0,2.0,1.0,2.0,2.0,1.0,1.0,1.0,6.0,1.0,4.0,1.0,4.0,9.0,4.0,3.0,10.0,8.0
LCS2-1P-SGSWP,LCS2-1P,Space Gray,LCS2-1P-SGSWP,7.0,8.0,4.0,10.0,1.0,2.0,8.0,7.0,0.0,8.0,10.0,2.0,4.0,4.0,5.0,1.0,1.0,6.0,3.0,4.0,6.0,4.0,3.0,5.0,4.0,11.0,5.0,3.0,2.0
LWP-12O-ARG,LWP-12O,Rose Gold,"LWP-12O-ARG, LWP-12O-ARG5P",7.0,7.0,4.0,0.0,2.0,3.0,17.0,6.0,5.0,2.0,5.0,6.0,7.0,5.0,8.0,6.0,2.0,3.0,4.0,5.0,3.0,2.0,4.0,3.0,5.0,0.0,7.0,2.0,0.0
LSWP-34M-BSG,LSWP-34M,Space Gray,LSWP-34M-BSG,6.0,7.0,6.0,3.0,11.0,5.0,2.0,6.0,0.0,2.0,3.0,8.0,6.0,7.0,12.0,6.0,3.0,3.0,5.0,2.0,5.0,7.0,5.0,7.0,5.0,2.0,1.0,0.0,2.0
LMWP-13M-HC,LMWP-13M,Hammered Chrome,LMWP-13M-HC,1.0,2.0,1.0,6.0,4.0,0.0,7.0,4.0,4.0,3.0,11.0,5.0,7.0,2.0,5.0,2.0,5.0,1.0,1.0,7.0,7.0,12.0,14.0,7.0,11.0,1.0,6.0,5.0,3.0
LMWP-34M-AC,LMWP-34M,Antique Copper,LMWP-34M-AC,2.0,1.0,2.0,1.0,0.0,3.0,2.0,11.0,3.0,3.0,4.0,7.0,3.0,8.0,2.0,2.0,3.0,4.0,2.0,8.0,7.0,5.0,9.0,13.0,7.0,6.0,8.0,16.0,2.0
LCS1-1PTR-GD,LCS1-1PTR,Gold,LCS1-1PTR-GD,7.0,19.0,11.0,3.0,4.0,5.0,5.0,6.0,2.0,6.0,1.0,1.0,4.0,8.0,2.0,4.0,2.0,5.0,1.0,13.0,2.0,7.0,3.0,5.0,9.0,3.0,5.0,5.0,3.0
LS15-4W-SG,LS15-4W,Space Gray,LS15-4W-SG,0.0,7.0,1.0,4.0,3.0,0.0,3.0,0.0,1.0,0.0,7.0,2.0,4.0,3.0,5.0,1.0,0.0,0.0,2.0,1.0,15.0,10.0,11.0,9.0,11.0,7.0,4.0,4.0,0.0
LCS1-1PTR-LA,LCS1-1PTR,Light Almond,LCS1-1PTR-LA,9.0,5.0,8.0,5.0,2.0,3.0,8.0,3.0,9.0,9.0,12.0,8.0,7.0,3.0,5.0,3.0,3.0,4.0,6.0,4.0,9.0,2.0,9.0,6.0,3.0,5.0,2.0,1.0,1.0
LMWP-1131M-HC,LMWP-1131M,Hammered Chrome,LMWP-1131M-HC,1.0,2.0,2.0,1.0,3.0,4.0,8.0,4.0,2.0,6.0,11.0,1.0,15.0,12.0,9.0,5.0,5.0,4.0,4.0,5.0,12.0,7.0,10.0,4.0,3.0,1.0,0.0,3.0,0.0
LR15-TRSS-BK,LR15-TR,Black,LR15-TRSS-BK,12.0,6.0,5.0,2.0,3.0,5.0,10.0,14.0,9.0,3.0,5.0,5.0,7.0,0.0,6.0,5.0,1.0,5.0,4.0,0.0,4.0,7.0,3.0,5.0,9.0,3.0,3.0,0.0,1.0
LSWP-34M-AGD,LSWP-34M,Gold,LSWP-34M-AGD,11.0,7.0,3.0,5.0,10.0,9.0,13.0,5.0,7.0,11.0,5.0,3.0,1.0,4.0,5.0,4.0,2.0,5.0,2.0,5.0,1.0,8.0,9.0,6.0,3.0,4.0,2.0,3.0,0.0
LMWP-33M-HB,LMWP-33M,Hammered Brass,LMWP-33M-HB,1.0,1.0,2.0,4.0,7.0,6.0,2.0,3.0,9.0,4.0,9.0,11.0,12.0,7.0,8.0,5.0,4.0,2.0,6.0,9.0,3.0,5.0,8.0,3.0,9.0,6.0,9.0,3.0,2.0
LWP-32O-ARG,LWP-32O,Rose Gold,"LWP-32O-ARG, LWP-32O-ARG5P",3.0,12.0,6.0,3.0,6.0,5.0,2.0,4.0,21.0,5.0,3.0,9.0,5.0,6.0,8.0,4.0,3.0,5.0,7.0,7.0,8.0,1.0,9.0,5.0,4.0,5.0,1.0,1.0,2.0
LCS1-1PTR-GYSWP,LCS1-1PTR,Gray,LCS1-1PTR-GYSWP,4.0,11.0,11.0,27.0,8.0,2.0,12.0,5.0,7.0,7.0,4.0,9.0,3.0,5.0,5.0,4.0,5.0,4.0,3.0,1.0,2.0,1.0,1.0,1.0,1.0,0.0,2.0,0.0,0.0
LSWP-34M-I,LSWP-34M,Ivory,LSWP-34M-I,4.0,4.0,7.0,5.0,9.0,4.0,5.0,6.0,7.0,4.0,8.0,2.0,3.0,6.0,6.0,4.0,1.0,1.0,3.0,1.0,6.0,9.0,8.0,10.0,15.0,5.0,13.0,6.0,2.0
LMWP-33M-HAC,LMWP-33M,Hammered Antique Copper,LMWP-33M-HAC,0.0,0.0,0.0,0.0,0.0,0.0,0.0,0.0,9.0,5.0,3.0,3.0,1.0,2.0,6.0,1.0,1.0,1.0,6.0,13.0,6.0,13.0,13.0,9.0,13.0,5.0,4.0,4.0,1.0
LSMWP-02M-BB,LSMWP-02M,Brushed Brass,LSMWP-02M-BB,4.0,5.0,4.0,2.0,20.0,7.0,3.0,5.0,1.0,6.0,3.0,3.0,6.0,4.0,7.0,16.0,9.0,4.0,7.0,6.0,4.0,2.0,6.0,9.0,2.0,6.0,3.0,5.0,6.0
LWP-1131O-ABK,LWP-1131O,Acrylic Black,LWP-1131O-ABK,5.0,4.0,5.0,6.0,1.0,1.0,7.0,7.0,8.0,4.0,11.0,3.0,20.0,13.0,9.0,14.0,9.0,11.0,3.0,1.0,1.0,1.0,4.0,0.0,1.0,1.0,3.0,0.0,3.0
LCS2-1P-SG,LCS2-1P,Space Gray,LCS2-1P-SG,11.0,2.0,3.0,5.0,9.0,2.0,1.0,0.0,2.0,5.0,5.0,4.0,1.0,1.0,4.0,3.0,11.0,4.0,4.0,5.0,9.0,9.0,15.0,8.0,2.0,13.0,5.0,9.0,11.0
LSWP-34M-BLA,LSWP-34M,Light Almond,LSWP-34M-BLA,5.0,1.0,6.0,1.0,5.0,4.0,4.0,3.0,5.0,4.0,16.0,9.0,7.0,3.0,5.0,4.0,11.0,3.0,6.0,7.0,3.0,4.0,8.0,10.0,14.0,4.0,5.0,10.0,2.0
LMWP-34M-PC,LMWP-34M,Polished Chrome,LMWP-34M-PC,5.0,0.0,7.0,4.0,2.0,1.0,7.0,24.0,3.0,2.0,7.0,4.0,5.0,4.0,8.0,4.0,1.0,4.0,2.0,7.0,9.0,8.0,16.0,6.0,2.0,7.0,6.0,8.0,2.0
LMWP-13M-AC,LMWP-13M,Antique Copper,LMWP-13M-AC,0.0,2.0,0.0,6.0,1.0,0.0,2.0,2.0,4.0,10.0,8.0,7.0,2.0,4.0,2.0,0.0,0.0,2.0,2.0,3.0,1.0,8.0,14.0,9.0,21.0,11.0,11.0,7.0,4.0
LMWP-41M-HAB,LMWP-41M,Hammered Antique Brass,LMWP-41M-HAB,2.0,3.0,8.0,15.0,7.0,5.0,3.0,8.0,3.0,3.0,7.0,6.0,7.0,2.0,10.0,7.0,2.0,5.0,5.0,10.0,6.0,14.0,9.0,4.0,7.0,2.0,7.0,5.0,2.0
LWP-11O-ABK,LWP-11O,Acrylic Black,"LWP-11O-ABK, LWP-11O-ABK5P",3.0,2.0,4.0,9.0,8.0,9.0,13.0,7.0,6.0,20.0,6.0,8.0,2.0,5.0,6.0,5.0,2.0,3.0,20.0,2.0,3.0,4.0,3.0,2.0,2.0,2.0,10.0,2.0,0.0
LWP-11O-ARD,LWP-11O,Acrylic Red,"LWP-11O-ARD, LWP-11O-ARD5P",3.0,2.0,1.0,7.0,5.0,9.0,9.0,4.0,2.0,9.0,16.0,9.0,5.0,12.0,14.0,4.0,8.0,5.0,10.0,4.0,2.0,7.0,7.0,8.0,3.0,3.0,5.0,9.0,2.0
LHS-F-G-LAWP,LHS-F,Light Almond,LHS-F-G-LAWP2P,0.0,0.0,8.0,30.0,12.0,6.0,2.0,4.0,8.0,2.0,2.0,2.0,18.0,2.0,2.0,10.0,0.0,4.0,0.0,4.0,2.0,0.0,2.0,2.0,8.0,4.0,8.0,8.0,6.0
LMWP-14M-PC,LMWP-14M,Polished Chrome,LMWP-14M-PC,8.0,11.0,0.0,8.0,11.0,13.0,12.0,6.0,10.0,8.0,11.0,4.0,7.0,9.0,4.0,7.0,5.0,2.0,2.0,1.0,8.0,6.0,5.0,4.0,5.0,2.0,7.0,5.0,1.0
LWF-DF-WWP,LWF-DF,White,LWF-DF-WWP,16.0,4.0,5.0,4.0,14.0,28.0,9.0,13.0,12.0,2.0,6.0,4.0,1.0,1.0,4.0,7.0,11.0,4.0,2.0,4.0,3.0,6.0,4.0,1.0,1.0,2.0,11.0,6.0,0.0
LMWP-14M-HAC,LMWP-14M,Hammered Antique Copper,LMWP-14M-HAC,0.0,0.0,0.0,0.0,0.0,0.0,0.0,0.0,1.0,5.0,4.0,6.0,11.0,3.0,4.0,2.0,5.0,5.0,13.0,7.0,6.0,12.0,23.0,13.0,11.0,1.0,5.0,2.0,1.0
LFS-3S-LAWP,LFS-3S,Light Almond,LFS-3S-LAWP2P,10.0,0.0,8.0,6.0,12.0,2.0,8.0,4.0,0.0,6.0,6.0,6.0,2.0,4.0,8.0,10.0,2.0,0.0,2.0,2.0,2.0,4.0,2.0,10.0,10.0,12.0,14.0,12.0,10.0
LCS3-1P-LASWP,LCS3-1P,Light Almond,LCS3-1P-LASWP,3.0,6.0,6.0,2.0,5.0,16.0,3.0,0.0,5.0,0.0,1.0,0.0,4.0,3.0,7.0,6.0,8.0,4.0,0.0,10.0,11.0,13.0,14.0,5.0,13.0,3.0,9.0,11.0,2.0
LMWP-1121M-HAC,LMWP-1121M,Hammered Antique Copper,LMWP-1121M-HAC,0.0,0.0,0.0,0.0,0.0,0.0,0.0,0.0,0.0,1.0,5.0,6.0,10.0,11.0,8.0,1.0,4.0,1.0,10.0,6.0,8.0,12.0,13.0,11.0,12.0,1.0,5.0,5.0,7.0
LR15-4TRPL-WWP,LR15-4TRPL,White,LR15-4TRPL-WWP,3.0,17.0,14.0,20.0,11.0,4.0,17.0,4.0,0.0,5.0,3.0,11.0,4.0,11.0,6.0,9.0,2.0,1.0,2.0,4.0,7.0,6.0,1.0,0.0,1.0,4.0,0.0,0.0,0.0
LCS2-1P-LASWP,LCS2-1P,Light Almond,LCS2-1P-LASWP,3.0,6.0,9.0,6.0,10.0,6.0,4.0,7.0,6.0,12.0,5.0,7.0,0.0,13.0,10.0,1.0,7.0,4.0,4.0,7.0,14.0,10.0,9.0,8.0,7.0,8.0,5.0,7.0,1.0
LCS3-1P-NKSWP,LCS3-1P,Nickel,"LCS3-1P-NKSWP, LCS3-1P-NKSWP2P",1.0,3.0,2.0,2.0,5.0,2.0,7.0,4.0,8.0,11.0,7.0,3.0,6.0,6.0,12.0,2.0,6.0,6.0,4.0,9.0,10.0,14.0,13.0,12.0,18.0,6.0,5.0,14.0,5.0
LWP-33M-I,LWP-33M,Ivory,LWP-33M-I,4.0,3.0,3.0,0.0,2.0,5.0,5.0,6.0,2.0,1.0,7.0,5.0,5.0,5.0,7.0,6.0,5.0,19.0,19.0,11.0,5.0,11.0,19.0,5.0,17.0,6.0,2.0,4.0,9.0
LMWP-1121M-HAB,LMWP-1121M,Hammered Antique Brass,LMWP-1121M-HAB,10.0,2.0,4.0,8.0,3.0,3.0,2.0,5.0,4.0,12.0,4.0,3.0,9.0,9.0,11.0,4.0,5.0,11.0,6.0,9.0,5.0,12.0,13.0,6.0,8.0,7.0,13.0,5.0,14.0
LWP-01O-AGD,LWP-01O,Acrylic Gold,"LWP-01O-AGD, LWP-01O-AGD5P",3.0,4.0,11.0,1.0,8.0,6.0,11.0,16.0,20.0,7.0,12.0,5.0,2.0,4.0,16.0,3.0,11.0,1.0,2.0,1.0,2.0,9.0,20.0,17.0,7.0,4.0,2.0,1.0,2.0
LWP-31O-AGR,LWP-31O,Acrylic Green,"LWP-31O-AGR, LWP-31O-AGR5P",1.0,8.0,3.0,4.0,6.0,17.0,9.0,13.0,3.0,23.0,3.0,11.0,11.0,10.0,2.0,4.0,1.0,0.0,10.0,2.0,7.0,19.0,12.0,6.0,7.0,2.0,5.0,1.0,2.0
LS15-4W-NK,LS15-4W,Nickel,LS15-4W-NK,0.0,15.0,0.0,2.0,2.0,3.0,8.0,6.0,2.0,1.0,0.0,4.0,4.0,7.0,3.0,6.0,10.0,14.0,0.0,14.0,12.0,4.0,0.0,9.0,14.0,3.0,3.0,24.0,6.0
LMWP-02M-BB,LMWP-02M,Brushed Brass,LMWP-02M-BB,0.0,0.0,0.0,0.0,0.0,0.0,2.0,3.0,5.0,12.0,12.0,5.0,7.0,10.0,7.0,4.0,4.0,13.0,3.0,6.0,15.0,3.0,4.0,9.0,12.0,7.0,8.0,12.0,7.0
LWP-21O-AGR,LWP-21O,Acrylic Green,"LWP-21O-AGR, LWP-21O-AGR5P",2.0,12.0,8.0,6.0,3.0,0.0,10.0,7.0,9.0,3.0,13.0,9.0,2.0,2.0,20.0,9.0,1.0,2.0,4.0,14.0,2.0,6.0,3.0,15.0,26.0,5.0,11.0,1.0,6.0
LMWP-02M-SS,LMWP-02M,Stainless Steel,LMWP-02M-SS,0.0,0.0,0.0,0.0,0.0,0.0,9.0,22.0,7.0,11.0,6.0,8.0,5.0,7.0,2.0,5.0,1.0,3.0,3.0,4.0,5.0,4.0,6.0,12.0,6.0,14.0,10.0,4.0,20.0
LSMWP-32M-BRG,LSMWP-32M,Brushed Rose Gold,LSMWP-32M-BRG,5.0,4.0,4.0,3.0,10.0,2.0,8.0,15.0,13.0,1.0,15.0,5.0,14.0,5.0,11.0,9.0,9.0,5.0,16.0,9.0,8.0,8.0,11.0,5.0,5.0,7.0,4.0,9.0,1.0
LCS1-1PTR-LASWP,LCS1-1PTR,Light Almond,LCS1-1PTR-LASWP,9.0,11.0,9.0,14.0,9.0,4.0,5.0,15.0,8.0,9.0,19.0,17.0,20.0,6.0,9.0,2.0,3.0,5.0,10.0,4.0,4.0,9.0,8.0,4.0,1.0,1.0,5.0,1.0,2.0
LWP-41O-ASV,LWP-41O,Acrylic Silver,"LWP-41O-ASV, LWP-41O-ASV5P",3.0,12.0,2.0,2.0,7.0,3.0,9.0,8.0,9.0,20.0,26.0,16.0,9.0,17.0,23.0,9.0,6.0,6.0,4.0,2.0,5.0,2.0,7.0,7.0,3.0,2.0,1.0,2.0,2.0
LCS2-1P-GY,LCS2-1P,Gray,LCS2-1P-GY,15.0,12.0,9.0,12.0,12.0,10.0,4.0,2.0,6.0,6.0,1.0,9.0,2.0,0.0,0.0,6.0,5.0,5.0,6.0,7.0,12.0,9.0,11.0,4.0,13.0,11.0,4.0,12.0,6.0
LMWP-14M-HAB,LMWP-14M,Hammered Antique Brass,LMWP-14M-HAB,2.0,3.0,5.0,7.0,6.0,6.0,4.0,3.0,11.0,8.0,14.0,13.0,16.0,10.0,9.0,5.0,4.0,14.0,3.0,12.0,7.0,10.0,0.0,0.0,0.0,0.0,0.0,0.0,0.0
LMWP-01M-HAC,LMWP-01M,Hammered Antique Copper,LMWP-01M-HAC,6.0,8.0,4.0,10.0,6.0,5.0,6.0,18.0,7.0,3.0,2.0,1.0,20.0,4.0,3.0,8.0,8.0,2.0,5.0,3.0,5.0,12.0,22.0,5.0,13.0,4.0,1.0,16.0,22.0
LWP-32M-I,LWP-32M,Ivory,LWP-32M-I,7.0,10.0,4.0,3.0,4.0,0.0,1.0,2.0,1.0,2.0,15.0,3.0,1.0,10.0,5.0,13.0,3.0,4.0,12.0,14.0,12.0,13.0,19.0,17.0,14.0,3.0,11.0,11.0,8.0
LSWP-33M-SV,LSWP-33M,Silver,LSWP-33M-SV,5.0,11.0,3.0,26.0,7.0,12.0,7.0,4.0,2.0,5.0,6.0,4.0,8.0,3.0,15.0,2.0,5.0,4.0,3.0,14.0,10.0,6.0,7.0,7.0,13.0,11.0,3.0,12.0,16.0
LMWP-32M-HC,LMWP-32M,Hammered Chrome,LMWP-32M-HC,1.0,5.0,2.0,4.0,6.0,5.0,4.0,10.0,6.0,10.0,6.0,8.0,14.0,5.0,15.0,9.0,1.0,4.0,7.0,10.0,18.0,13.0,12.0,16.0,19.0,4.0,6.0,4.0,10.0
LSWP-33M-BSG,LSWP-33M,Space Gray,LSWP-33M-BSG,16.0,14.0,13.0,8.0,8.0,8.0,2.0,11.0,3.0,7.0,10.0,2.0,5.0,7.0,10.0,5.0,9.0,1.0,14.0,5.0,9.0,13.0,18.0,4.0,11.0,2.0,7.0,3.0,10.0
LR15-4TRPL-W,LR15-4TRPL,White,LR15-4TRPL-W,3.0,28.0,18.0,15.0,6.0,6.0,14.0,14.0,5.0,11.0,8.0,11.0,20.0,6.0,5.0,7.0,5.0,5.0,7.0,2.0,3.0,6.0,0.0,2.0,3.0,2.0,3.0,0.0,5.0
LSWP-34M-BSV,LSWP-34M,Brushed Silver,LSWP-34M-BSV,5.0,2.0,6.0,13.0,7.0,9.0,9.0,8.0,7.0,11.0,11.0,9.0,4.0,5.0,6.0,5.0,8.0,8.0,8.0,11.0,5.0,16.0,12.0,6.0,10.0,14.0,8.0,8.0,6.0
LMWP-22M-AB,LMWP-22M,Antique Brass,LMWP-22M-AB,0.0,5.0,4.0,7.0,7.0,3.0,3.0,7.0,15.0,7.0,23.0,9.0,8.0,7.0,19.0,13.0,4.0,1.0,14.0,9.0,4.0,11.0,11.0,10.0,8.0,4.0,8.0,6.0,2.0
LCS2-1P-NKSWP,LCS2-1P,Nickel,"LCS2-1P-NKSWP, LCS2-1P-NKSWP2P",7.0,6.0,10.0,5.0,10.0,3.0,6.0,6.0,1.0,11.0,8.0,8.0,6.0,1.0,6.0,2.0,0.0,2.0,3.0,4.0,7.0,8.0,34.0,14.0,10.0,9.0,11.0,22.0,10.0
LMWP-13M-HB,LMWP-13M,Hammered Brass,LMWP-13M-HB,5.0,5.0,4.0,6.0,5.0,15.0,10.0,2.0,0.0,0.0,0.0,0.0,0.0,0.0,3.0,1.0,2.0,9.0,8.0,11.0,7.0,16.0,21.0,13.0,6.0,9.0,7.0,18.0,6.0
LU-6C3-WWP,LU-6C3,White,LU-6C3-WWP,9.0,2.0,0.0,0.0,0.0,4.0,25.0,6.0,5.0,17.0,15.0,14.0,7.0,8.0,3.0,7.0,3.0,3.0,3.0,8.0,10.0,11.0,10.0,4.0,8.0,11.0,8.0,11.0,2.0
LU-PD60C2-BKWP,LU-PD60AC,Black,LU-PD60C2-BKWP,0.0,0.0,0.0,0.0,0.0,0.0,0.0,0.0,0.0,5.0,32.0,0.0,1.0,2.0,2.0,2.0,17.0,3.0,5.0,10.0,20.0,12.0,1.0,3.0,12.0,7.0,9.0,8.0,6.0
LWP-32O-ABK,LWP-32O,Acrylic Black,"LWP-32O-ABK, LWP-32O-ABK5P",22.0,7.0,5.0,5.0,7.0,5.0,8.0,6.0,11.0,6.0,19.0,12.0,18.0,3.0,5.0,12.0,5.0,0.0,11.0,8.0,2.0,5.0,10.0,8.0,10.0,7.0,4.0,10.0,1.0
LWP-11O-ARG,LWP-11O,Rose Gold,"LWP-11O-ARG, LWP-11O-ARG5P",12.0,15.0,10.0,3.0,4.0,8.0,25.0,8.0,3.0,7.0,17.0,10.0,16.0,13.0,12.0,2.0,12.0,7.0,7.0,6.0,2.0,5.0,10.0,5.0,4.0,7.0,6.0,5.0,6.0
LTS-30M-LAWP,LTS-30M,Light Almond,LTS-30M-LAWP2P,12.0,12.0,12.0,10.0,6.0,0.0,12.0,10.0,14.0,6.0,2.0,8.0,12.0,18.0,4.0,6.0,0.0,2.0,2.0,2.0,4.0,6.0,16.0,10.0,20.0,6.0,8.0,4.0,10.0
LU-6AC2-BKWP,LU-6AC2,Black,LU-6AC2-BKWP,0.0,0.0,0.0,1.0,3.0,3.0,1.0,15.0,6.0,7.0,10.0,2.0,5.0,1.0,30.0,2.0,7.0,11.0,10.0,10.0,12.0,17.0,11.0,13.0,8.0,16.0,5.0,6.0,14.0
LMWP-1131M-HAB,LMWP-1131M,Hammered Antique Brass,LMWP-1131M-HAB,4.0,3.0,8.0,4.0,3.0,2.0,6.0,6.0,11.0,12.0,18.0,8.0,13.0,6.0,17.0,14.0,7.0,13.0,7.0,10.0,10.0,14.0,11.0,7.0,13.0,6.0,5.0,9.0,6.0
LCS2-1P-NK,LCS2-1P,Nickel,LCS2-1P-NK,2.0,5.0,5.0,14.0,3.0,2.0,2.0,9.0,3.0,11.0,14.0,4.0,1.0,4.0,2.0,5.0,3.0,14.0,5.0,11.0,12.0,8.0,42.0,20.0,13.0,10.0,5.0,20.0,5.0
LR20-TR-I,LR20-TR,Ivory,LR20-TR-I,0.0,2.0,0.0,6.0,3.0,0.0,46.0,0.0,3.0,0.0,3.0,2.0,6.0,8.0,21.0,22.0,2.0,1.0,0.0,1.0,0.0,2.0,5.0,3.0,1.0,5.0,35.0,7.0,0.0
LMWP-1131M-HAC,LMWP-1131M,Hammered Antique Copper,LMWP-1131M-HAC,6.0,7.0,2.0,5.0,6.0,2.0,4.0,11.0,6.0,9.0,7.0,8.0,24.0,13.0,21.0,17.0,14.0,6.0,11.0,8.0,10.0,6.0,10.0,9.0,10.0,2.0,3.0,10.0,9.0
LSWP-33M-I,LSWP-33M,Ivory,LSWP-33M-I,5.0,13.0,19.0,9.0,14.0,11.0,16.0,5.0,5.0,7.0,9.0,4.0,1.0,2.0,6.0,5.0,4.0,1.0,0.0,7.0,11.0,19.0,12.0,14.0,15.0,5.0,16.0,8.0,8.0
LDS-1P-LAWP,LDS-1P,Light Almond,LDS-1P-LAWP2P,0.0,14.0,4.0,8.0,4.0,0.0,2.0,2.0,2.0,10.0,6.0,2.0,4.0,12.0,6.0,12.0,22.0,2.0,2.0,4.0,38.0,0.0,2.0,34.0,14.0,4.0,14.0,6.0,4.0
LSMWP-01M-BB,LSMWP-01M,Brushed Brass,LSMWP-01M-BB,3.0,4.0,13.0,10.0,11.0,10.0,3.0,3.0,8.0,10.0,8.0,10.0,8.0,3.0,6.0,10.0,4.0,8.0,17.0,3.0,4.0,16.0,16.0,16.0,6.0,15.0,12.0,15.0,9.0
LS15-4W-LA,LS15-4W,Light Almond,LS15-4W-LA,2.0,0.0,1.0,1.0,4.0,1.0,1.0,1.0,4.0,6.0,0.0,5.0,1.0,34.0,3.0,8.0,10.0,6.0,2.0,7.0,25.0,11.0,29.0,21.0,10.0,19.0,15.0,12.0,8.0
LMWP-14M-AB,LMWP-14M,Antique Brass,LMWP-14M-AB,11.0,7.0,3.0,8.0,6.0,5.0,3.0,8.0,9.0,2.0,12.0,12.0,14.0,6.0,7.0,6.0,6.0,6.0,11.0,10.0,7.0,22.0,28.0,17.0,16.0,8.0,4.0,9.0,4.0
LWP-31O-ARD,LWP-31O,Acrylic Red,"LWP-31O-ARD, LWP-31O-ARD5P",4.0,15.0,9.0,6.0,8.0,16.0,23.0,16.0,1.0,12.0,11.0,23.0,21.0,3.0,8.0,18.0,15.0,5.0,5.0,5.0,2.0,3.0,3.0,12.0,3.0,5.0,2.0,11.0,2.0
LCS2-1P-LA,LCS2-1P,Light Almond,LCS2-1P-LA,13.0,17.0,3.0,3.0,7.0,5.0,7.0,1.0,0.0,5.0,7.0,3.0,5.0,3.0,8.0,7.0,5.0,5.0,5.0,9.0,15.0,8.0,68.0,8.0,23.0,4.0,5.0,6.0,4.0
LWP-1131O-AGD,LWP-1131O,Acrylic Gold,"LWP-1131O-AGD, LWP-1131O-AGD5P",3.0,3.0,2.0,2.0,4.0,8.0,20.0,8.0,3.0,14.0,15.0,15.0,8.0,20.0,20.0,11.0,11.0,9.0,10.0,11.0,20.0,13.0,13.0,3.0,6.0,2.0,2.0,0.0,3.0
LCS3-1P-GD,LCS3-1P,Gold,LCS3-1P-GD,3.0,2.0,0.0,1.0,8.0,0.0,5.0,4.0,7.0,5.0,15.0,2.0,7.0,11.0,1.0,5.0,8.0,8.0,13.0,7.0,14.0,24.0,16.0,14.0,24.0,9.0,22.0,8.0,8.0
LMWP-01M-HAB,LMWP-01M,Hammered Antique Brass,LMWP-01M-HAB,5.0,4.0,11.0,18.0,9.0,6.0,9.0,4.0,14.0,10.0,4.0,11.0,15.0,12.0,11.0,17.0,5.0,2.0,4.0,10.0,13.0,20.0,21.0,13.0,7.0,4.0,4.0,4.0,5.0
LWP-33M-GY,LWP-33M,Gray,LWP-33M-GY,14.0,9.0,10.0,3.0,2.0,8.0,3.0,6.0,7.0,4.0,8.0,11.0,17.0,10.0,2.0,3.0,5.0,4.0,7.0,25.0,14.0,16.0,34.0,7.0,5.0,2.0,11.0,14.0,11.0
LS15-4W-GY,LS15-4W,Gray,LS15-4W-GY,7.0,20.0,18.0,15.0,5.0,20.0,8.0,3.0,8.0,10.0,9.0,7.0,14.0,8.0,4.0,1.0,6.0,2.0,4.0,3.0,7.0,21.0,24.0,9.0,14.0,16.0,6.0,6.0,2.0
LSMWP-31M-PRG,LSMWP-31M,Polished Rose Gold,LSMWP-31M-PRG,13.0,0.0,2.0,11.0,2.0,23.0,12.0,13.0,5.0,3.0,2.0,7.0,4.0,4.0,10.0,18.0,8.0,2.0,2.0,18.0,32.0,17.0,7.0,7.0,18.0,10.0,4.0,9.0,6.0
LAC-FL-G-WWP,LAC-FL-G,White,"LAC-FL-G-WWP, LAC-FL-G-WWP2P",0.0,0.0,0.0,0.0,0.0,0.0,22.0,45.0,23.0,24.0,16.0,5.0,1.0,4.0,2.0,1.0,1.0,0.0,2.0,5.0,5.0,13.0,4.0,8.0,12.0,9.0,4.0,3.0,7.0
LMWP-12M-HC,LMWP-12M,Hammered Chrome,LMWP-12M-HC,3.0,5.0,4.0,12.0,8.0,4.0,9.0,10.0,12.0,12.0,10.0,8.0,19.0,8.0,12.0,6.0,5.0,8.0,4.0,17.0,11.0,23.0,29.0,13.0,20.0,1.0,1.0,0.0,1.0
LSWP-33M-SG,LSWP-33M,Space Gray,LSWP-33M-SG,6.0,17.0,1.0,34.0,11.0,8.0,12.0,13.0,2.0,2.0,8.0,7.0,8.0,8.0,5.0,8.0,12.0,4.0,5.0,7.0,7.0,13.0,8.0,10.0,14.0,17.0,8.0,11.0,20.0
LPS-1P-G-BKWP,LPS-1P-G,Black,LPS-1P-G-BKWP2P,0.0,0.0,0.0,0.0,0.0,0.0,0.0,0.0,4.0,4.0,18.0,14.0,16.0,18.0,8.0,12.0,4.0,2.0,6.0,22.0,6.0,20.0,12.0,4.0,0.0,4.0,10.0,0.0,4.0
LWP-34M-I,LWP-34M,Ivory,LWP-34M-I,2.0,1.0,0.0,8.0,5.0,10.0,6.0,7.0,2.0,8.0,6.0,12.0,7.0,17.0,14.0,27.0,8.0,14.0,14.0,21.0,21.0,16.0,7.0,1.0,9.0,5.0,5.0,13.0,14.0
LMWP-41M-PB,LMWP-41M,Polished Brass,LMWP-41M-PB,0.0,0.0,0.0,0.0,0.0,0.0,0.0,2.0,2.0,7.0,2.0,3.0,12.0,4.0,4.0,6.0,2.0,3.0,9.0,7.0,17.0,14.0,27.0,34.0,21.0,11.0,9.0,19.0,9.0
LMWP-41M-HAC,LMWP-41M,Hammered Antique Copper,LMWP-41M-HAC,18.0,6.0,8.0,11.0,6.0,9.0,5.0,12.0,11.0,12.0,8.0,13.0,13.0,12.0,24.0,15.0,8.0,6.0,9.0,10.0,0.0,6.0,14.0,6.0,13.0,4.0,16.0,10.0,1.0
LMWP-01M-AC,LMWP-01M,Antique Copper,LMWP-01M-AC,10.0,12.0,11.0,8.0,9.0,16.0,15.0,11.0,10.0,10.0,13.0,12.0,14.0,16.0,16.0,9.0,9.0,8.0,8.0,5.0,2.0,10.0,13.0,9.0,12.0,3.0,10.0,7.0,13.0
LMWP-41M-SS,LMWP-41M,Stainless Steel,LMWP-41M-SS,0.0,0.0,0.0,0.0,0.0,0.0,0.0,0.0,9.0,11.0,7.0,2.0,6.0,5.0,3.0,46.0,1.0,2.0,3.0,0.0,1.0,9.0,3.0,29.0,32.0,10.0,15.0,7.0,7.0
LU-PD36C2-WWP,LU-PD36C2,White,"LU-PD36C2-WWP, LU-PD36C2-WWP2P",12.0,10.0,1.0,17.0,4.0,2.0,12.0,9.0,14.0,11.0,17.0,17.0,3.0,4.0,37.0,8.0,8.0,11.0,5.0,22.0,2.0,4.0,25.0,4.0,13.0,13.0,8.0,4.0,6.0
LSWP-33M-BGY,LSWP-33M,Brushed Gray,LSWP-33M-BGY,5.0,6.0,9.0,8.0,9.0,6.0,3.0,6.0,16.0,14.0,10.0,16.0,8.0,5.0,8.0,18.0,7.0,4.0,11.0,17.0,14.0,21.0,20.0,11.0,16.0,12.0,10.0,11.0,4.0
LWE8-315-NK,LWE8,Nickel,LWE8-315-NK,12.0,2.0,7.0,5.0,9.0,3.0,14.0,6.0,3.0,5.0,3.0,13.0,11.0,9.0,17.0,8.0,17.0,15.0,18.0,15.0,18.0,21.0,15.0,13.0,7.0,19.0,12.0,5.0,3.0
LWP-11O-ABL,LWP-11O,Acrylic Blue,"LWP-11O-ABL, LWP-11O-ABL5P",0.0,1.0,4.0,12.0,6.0,19.0,17.0,8.0,16.0,8.0,20.0,12.0,11.0,23.0,21.0,15.0,6.0,20.0,15.0,17.0,5.0,3.0,4.0,12.0,1.0,2.0,15.0,1.0,1.0
LMWP-13M-HAC,LMWP-13M,Hammered Antique Copper,LMWP-13M-HAC,0.0,0.0,0.0,0.0,0.0,0.0,0.0,3.0,4.0,4.0,7.0,5.0,10.0,11.0,4.0,5.0,5.0,2.0,15.0,7.0,5.0,25.0,27.0,18.0,31.0,6.0,9.0,19.0,13.0
LMWP-32M-HB,LMWP-32M,Hammered Brass,LMWP-32M-HB,7.0,4.0,9.0,16.0,11.0,16.0,17.0,8.0,23.0,16.0,13.0,17.0,15.0,7.0,6.0,10.0,6.0,2.0,8.0,10.0,1.0,9.0,20.0,7.0,9.0,12.0,13.0,10.0,11.0
LSWP-33M-AGD,LSWP-33M,Gold,LSWP-33M-AGD,13.0,15.0,8.0,11.0,17.0,12.0,22.0,12.0,13.0,17.0,15.0,9.0,14.0,11.0,6.0,11.0,3.0,5.0,2.0,9.0,11.0,8.0,30.0,12.0,14.0,3.0,5.0,4.0,4.0
LMWP-02M-AB,LMWP-02M,Antique Brass,LMWP-02M-AB,0.0,0.0,0.0,0.0,0.0,0.0,0.0,0.0,8.0,8.0,4.0,9.0,5.0,3.0,17.0,10.0,4.0,5.0,6.0,10.0,17.0,9.0,8.0,27.0,38.0,10.0,11.0,9.0,12.0
LMWP-33M-AC,LMWP-33M,Antique Copper,LMWP-33M-AC,3.0,7.0,11.0,7.0,3.0,8.0,8.0,29.0,13.0,19.0,10.0,6.0,6.0,9.0,7.0,14.0,9.0,9.0,10.0,6.0,5.0,6.0,22.0,22.0,12.0,10.0,19.0,16.0,13.0
LWP-41O-AGD,LWP-41O,Acrylic Gold,"LWP-41O-AGD, LWP-41O-AGD5P",0.0,1.0,1.0,1.0,8.0,5.0,19.0,12.0,22.0,12.0,9.0,11.0,31.0,21.0,23.0,13.0,9.0,19.0,16.0,10.0,10.0,5.0,19.0,0.0,8.0,4.0,1.0,2.0,5.0
LMWP-33M-HAB,LMWP-33M,Hammered Antique Brass,LMWP-33M-HAB,7.0,8.0,5.0,7.0,6.0,11.0,12.0,11.0,12.0,16.0,9.0,14.0,10.0,13.0,11.0,7.0,5.0,5.0,12.0,21.0,5.0,17.0,24.0,11.0,14.0,8.0,9.0,18.0,12.0
LMWP-34M-PB,LMWP-34M,Polished Brass,LMWP-34M-PB,24.0,12.0,13.0,10.0,7.0,8.0,18.0,9.0,8.0,17.0,16.0,15.0,5.0,7.0,10.0,6.0,4.0,3.0,9.0,14.0,10.0,21.0,22.0,12.0,12.0,6.0,13.0,8.0,1.0
LMWP-1121M-AB,LMWP-1121M,Antique Brass,LMWP-1121M-AB,3.0,0.0,10.0,9.0,3.0,6.0,4.0,9.0,12.0,6.0,19.0,7.0,9.0,9.0,7.0,11.0,8.0,9.0,13.0,18.0,19.0,32.0,31.0,13.0,9.0,18.0,15.0,9.0,1.0
LU-PD30AC-GYWP,LU-PD30AC,Gray,LU-PD30AC-GYWP2P,6.0,6.0,4.0,4.0,8.0,12.0,14.0,2.0,2.0,10.0,16.0,22.0,24.0,12.0,14.0,32.0,20.0,18.0,10.0,10.0,6.0,8.0,18.0,8.0,6.0,18.0,6.0,6.0,10.0
LU-PD30AC-LAWP,LU-PD30AC,Light Almond,LU-PD30AC-LAWP2P,12.0,6.0,2.0,2.0,2.0,2.0,4.0,4.0,8.0,6.0,16.0,8.0,24.0,14.0,16.0,24.0,10.0,42.0,8.0,6.0,16.0,2.0,8.0,12.0,22.0,10.0,18.0,18.0,12.0
LMWP-11M-AC,LMWP-11M,Antique Copper,LMWP-11M-AC,9.0,4.0,2.0,5.0,9.0,7.0,11.0,30.0,13.0,17.0,17.0,11.0,6.0,9.0,7.0,5.0,1.0,5.0,4.0,10.0,7.0,25.0,37.0,19.0,16.0,16.0,18.0,13.0,7.0
LMWP-1121M-PC,LMWP-1121M,Polished Chrome,LMWP-1121M-PC,6.0,8.0,6.0,1.0,3.0,6.0,14.0,12.0,13.0,11.0,16.0,9.0,9.0,10.0,20.0,14.0,8.0,5.0,7.0,14.0,18.0,22.0,11.0,18.0,19.0,25.0,14.0,13.0,12.0
LWP-33O-AGD,LWP-33O,Acrylic Gold,"LWP-33O-AGD, LWP-33O-AGD5P",4.0,7.0,3.0,6.0,10.0,14.0,6.0,8.0,17.0,16.0,10.0,23.0,9.0,9.0,16.0,22.0,27.0,10.0,11.0,15.0,12.0,14.0,37.0,16.0,14.0,4.0,2.0,2.0,1.0
LWP-31O-ABL,LWP-31O,Acrylic Blue,"LWP-31O-ABL, LWP-31O-ABL5P",8.0,2.0,8.0,9.0,10.0,21.0,18.0,9.0,6.0,21.0,10.0,21.0,16.0,39.0,18.0,16.0,16.0,6.0,11.0,13.0,2.0,12.0,10.0,2.0,7.0,6.0,12.0,16.0,1.0
LSWP-33M-BLA,LSWP-33M,Light Almond,LSWP-33M-BLA,11.0,5.0,16.0,4.0,5.0,14.0,7.0,6.0,12.0,16.0,18.0,12.0,10.0,2.0,11.0,14.0,8.0,13.0,15.0,16.0,17.0,12.0,21.0,12.0,11.0,14.0,20.0,14.0,11.0
LMWP-41M-AC,LMWP-41M,Antique Copper,LMWP-41M-AC,3.0,7.0,7.0,15.0,8.0,16.0,9.0,9.0,11.0,8.0,20.0,15.0,11.0,8.0,9.0,10.0,13.0,15.0,14.0,12.0,20.0,9.0,24.0,27.0,12.0,3.0,0.0,1.0,21.0
LS15-4W-BR,LS15-4W,Brown,LS15-4W-BR,22.0,37.0,3.0,16.0,6.0,8.0,8.0,2.0,4.0,7.0,10.0,12.0,7.0,19.0,8.0,18.0,15.0,3.0,18.0,6.0,20.0,11.0,29.0,17.0,12.0,9.0,8.0,11.0,6.0
LSWP-34M-BBK,LSWP-34M,Brushed Black,LSWP-34M-BBK,12.0,14.0,10.0,15.0,20.0,17.0,13.0,8.0,11.0,27.0,8.0,9.0,7.0,10.0,11.0,14.0,4.0,12.0,3.0,10.0,12.0,21.0,24.0,15.0,5.0,5.0,7.0,24.0,4.0
LWP-21O-ARD,LWP-21O,Acrylic Red,"LWP-21O-ARD, LWP-21O-ARD5P",8.0,3.0,1.0,8.0,15.0,2.0,17.0,7.0,9.0,12.0,16.0,26.0,2.0,11.0,22.0,11.0,7.0,4.0,0.0,9.0,6.0,12.0,15.0,20.0,56.0,13.0,9.0,9.0,11.0
LMWP-12M-AC,LMWP-12M,Antique Copper,LMWP-12M-AC,4.0,6.0,6.0,4.0,8.0,7.0,6.0,16.0,8.0,29.0,16.0,11.0,14.0,13.0,11.0,1.0,1.0,8.0,7.0,10.0,17.0,30.0,29.0,19.0,28.0,19.0,4.0,0.0,0.0
LMWP-11M-HC,LMWP-11M,Hammered Chrome,LMWP-11M-HC,3.0,5.0,5.0,11.0,10.0,10.0,18.0,20.0,11.0,5.0,12.0,20.0,16.0,12.0,11.0,7.0,4.0,7.0,8.0,20.0,15.0,24.0,34.0,22.0,13.0,5.0,6.0,10.0,14.0
LMWP-34M-SS,LMWP-34M,Stainless Steel,LMWP-34M-SS,0.0,1.0,5.0,3.0,21.0,8.0,17.0,11.0,19.0,16.0,10.0,6.0,14.0,8.0,6.0,3.0,5.0,3.0,9.0,15.0,12.0,26.0,37.0,15.0,22.0,12.0,21.0,13.0,9.0
LWE8-315-GD,LWE8,Gold,LWE8-315-GD,4.0,10.0,2.0,1.0,3.0,3.0,7.0,6.0,3.0,14.0,20.0,14.0,12.0,5.0,19.0,12.0,23.0,15.0,19.0,16.0,28.0,25.0,28.0,13.0,16.0,13.0,17.0,8.0,4.0
LHS-FL-G-BKWP,LHS-FL,Black,LHS-FL-G-BKWP,0.0,0.0,0.0,0.0,0.0,13.0,19.0,8.0,12.0,10.0,10.0,11.0,2.0,4.0,3.0,13.0,4.0,10.0,12.0,12.0,15.0,28.0,28.0,13.0,20.0,19.0,10.0,19.0,3.0
LWP-31M-I,LWP-31M,Ivory,LWP-31M-I,4.0,1.0,3.0,1.0,11.0,2.0,4.0,2.0,1.0,5.0,19.0,7.0,15.0,17.0,37.0,21.0,15.0,25.0,22.0,30.0,26.0,25.0,27.0,9.0,10.0,13.0,1.0,7.0,7.0
LWP-21O-ABL,LWP-21O,Acrylic Blue,"LWP-21O-ABL, LWP-21O-ABL5P",9.0,4.0,5.0,11.0,1.0,6.0,18.0,22.0,25.0,30.0,38.0,7.0,12.0,25.0,13.0,12.0,7.0,14.0,10.0,6.0,1.0,11.0,8.0,6.0,16.0,4.0,25.0,13.0,0.0
LSWP-34M-GY,LSWP-34M,Gray,LSWP-34M-GY,24.0,13.0,23.0,17.0,12.0,16.0,20.0,16.0,23.0,16.0,7.0,12.0,10.0,17.0,3.0,13.0,5.0,14.0,7.0,10.0,10.0,11.0,7.0,16.0,7.0,11.0,18.0,6.0,13.0
LWF-F-WWP,LWF-F,White,LWF-F-WWP,42.0,2.0,5.0,13.0,41.0,18.0,15.0,9.0,11.0,13.0,21.0,7.0,6.0,6.0,21.0,14.0,14.0,15.0,6.0,4.0,16.0,17.0,9.0,12.0,7.0,15.0,15.0,1.0,4.0
LR15-FCN6,LR15-FCN6,White,LR15-FCN6,3.0,3.0,1.0,19.0,4.0,28.0,11.0,17.0,35.0,14.0,43.0,10.0,20.0,17.0,15.0,6.0,4.0,15.0,7.0,5.0,12.0,6.0,31.0,4.0,20.0,14.0,6.0,10.0,5.0
LMWP-1131M-PC,LMWP-1131M,Polished Chrome,LMWP-1131M-PC,9.0,10.0,10.0,9.0,9.0,18.0,9.0,18.0,18.0,25.0,25.0,15.0,23.0,21.0,36.0,22.0,26.0,12.0,14.0,8.0,6.0,5.0,11.0,5.0,1.0,2.0,10.0,10.0,3.0
LMWP-32M-HAC,LMWP-32M,Hammered Antique Copper,LMWP-32M-HAC,5.0,5.0,3.0,0.0,5.0,11.0,14.0,14.0,19.0,13.0,6.0,17.0,9.0,19.0,12.0,19.0,15.0,14.0,15.0,24.0,6.0,28.0,26.0,20.0,18.0,9.0,5.0,10.0,24.0
LMWP-22M-PB,LMWP-22M,Polished Brass,LMWP-22M-PB,19.0,13.0,10.0,6.0,5.0,20.0,30.0,26.0,13.0,38.0,24.0,8.0,13.0,14.0,13.0,7.0,6.0,3.0,11.0,15.0,16.0,22.0,21.0,1.0,7.0,14.0,9.0,2.0,0.0
LU-PD30AC-BKWP,LU-PD30AC,Black,LU-PD30AC-BKWP2P,22.0,30.0,10.0,2.0,12.0,24.0,2.0,6.0,4.0,16.0,54.0,20.0,4.0,2.0,28.0,8.0,20.0,0.0,4.0,10.0,8.0,26.0,18.0,10.0,18.0,12.0,4.0,16.0,6.0
LCS1-1PTR-BR,LCS1-1PTR,Brown,LCS1-1PTR-BR,7.0,13.0,39.0,6.0,11.0,9.0,23.0,20.0,7.0,14.0,24.0,26.0,40.0,15.0,19.0,17.0,20.0,12.0,18.0,3.0,14.0,7.0,6.0,7.0,9.0,4.0,6.0,6.0,0.0
LS15-3W-I,LS15-3W,Ivory,"LS15-3W-I, LS15-3W-I5P",13.0,26.0,4.0,39.0,12.0,5.0,18.0,0.0,4.0,4.0,24.0,25.0,12.0,26.0,5.0,24.0,11.0,2.0,4.0,16.0,5.0,22.0,15.0,27.0,3.0,22.0,14.0,7.0,18.0
LCS3-1P-BK,LCS3-1P,Black,LCS3-1P-BK,31.0,17.0,19.0,21.0,13.0,18.0,19.0,30.0,8.0,11.0,21.0,22.0,14.0,9.0,11.0,14.0,8.0,11.0,6.0,17.0,2.0,11.0,20.0,3.0,0.0,0.0,0.0,0.0,0.0
LTS-2H-LAWP,LTS-2H,Light Almond,LTS-2H-LAWP2P,16.0,10.0,4.0,2.0,0.0,0.0,6.0,4.0,14.0,12.0,50.0,20.0,30.0,34.0,32.0,6.0,8.0,24.0,8.0,4.0,14.0,22.0,14.0,24.0,14.0,24.0,2.0,2.0,2.0
LSMWP-32M-PC,LSMWP-32M,Polished Chrome,LSMWP-32M-PC,6.0,7.0,18.0,17.0,12.0,12.0,23.0,12.0,12.0,11.0,18.0,9.0,7.0,13.0,12.0,10.0,12.0,35.0,7.0,32.0,13.0,28.0,12.0,27.0,21.0,14.0,16.0,11.0,7.0
LPS-1P-LAWP,LPS-1P,Light Almond,LPS-1P-LAWP2P,0.0,0.0,0.0,0.0,0.0,0.0,0.0,0.0,0.0,2.0,2.0,2.0,14.0,2.0,44.0,14.0,2.0,14.0,2.0,10.0,12.0,4.0,34.0,20.0,14.0,2.0,14.0,56.0,36.0
LPS-1P-G-WWP,LPS-1P-G,White,LPS-1P-G-WWP2P,0.0,0.0,0.0,0.0,0.0,4.0,34.0,64.0,20.0,34.0,22.0,30.0,14.0,0.0,2.0,10.0,6.0,12.0,4.0,2.0,4.0,4.0,0.0,0.0,2.0,2.0,0.0,0.0,0.0
LWE8-315-SV,LWE8,Silver,LWE8-315-SV,7.0,8.0,12.0,4.0,10.0,13.0,8.0,6.0,5.0,3.0,10.0,8.0,9.0,10.0,19.0,14.0,10.0,8.0,14.0,8.0,5.0,27.0,13.0,3.0,10.0,19.0,82.0,64.0,33.0
LMWP-34M-AB,LMWP-34M,Antique Brass,LMWP-34M-AB,15.0,10.0,17.0,7.0,9.0,8.0,4.0,18.0,21.0,11.0,22.0,45.0,22.0,22.0,15.0,14.0,9.0,8.0,25.0,18.0,3.0,0.0,0.0,0.0,0.0,0.0,0.0,0.0,0.0
LMWP-1131M-AB,LMWP-1131M,Antique Brass,LMWP-1131M-AB,6.0,11.0,12.0,11.0,6.0,9.0,7.0,11.0,9.0,14.0,30.0,11.0,21.0,25.0,29.0,20.0,12.0,19.0,28.0,29.0,5.0,0.0,0.0,0.0,0.0,0.0,0.0,0.0,0.0
LSWP-34M-BR,LSWP-34M,Brown,LSWP-34M-BR,19.0,10.0,15.0,13.0,10.0,23.0,18.0,14.0,11.0,20.0,19.0,9.0,13.0,13.0,13.0,13.0,16.0,10.0,15.0,18.0,20.0,39.0,35.0,8.0,24.0,14.0,10.0,1.0,0.0
LS15-4W-WSWP,LS15-4W,White,LS15-4W-WSWP,19.0,16.0,13.0,10.0,11.0,15.0,17.0,17.0,15.0,5.0,14.0,26.0,19.0,12.0,14.0,3.0,8.0,8.0,11.0,19.0,24.0,59.0,9.0,0.0,0.0,0.0,0.0,0.0,0.0
LSWP-32M-SV,LSWP-32M,Silver,LSWP-32M-SV,4.0,29.0,14.0,41.0,19.0,25.0,16.0,18.0,15.0,20.0,12.0,7.0,16.0,9.0,12.0,14.0,12.0,5.0,12.0,16.0,15.0,7.0,36.0,14.0,17.0,13.0,8.0,8.0,29.0
LWP-33M-LA,LWP-33M,Light Almond,LWP-33M-LA,12.0,9.0,14.0,5.0,5.0,11.0,7.0,3.0,7.0,17.0,9.0,5.0,9.0,8.0,14.0,7.0,11.0,7.0,14.0,24.0,27.0,34.0,43.0,31.0,26.0,17.0,26.0,29.0,32.0
LCS2-1P-BR,LCS2-1P,Brown,LCS2-1P-BR,19.0,4.0,6.0,5.0,18.0,12.0,9.0,6.0,8.0,6.0,15.0,11.0,14.0,25.0,17.0,12.0,10.0,12.0,4.0,13.0,23.0,45.0,30.0,34.0,15.0,23.0,34.0,20.0,17.0
LWP-34O-ASV,LWP-34O,Acrylic Silver,"LWP-34O-ASV, LWP-34O-ASV5P",23.0,24.0,32.0,23.0,23.0,16.0,17.0,16.0,15.0,22.0,23.0,13.0,16.0,15.0,17.0,13.0,15.0,7.0,10.0,17.0,11.0,10.0,17.0,17.0,16.0,14.0,18.0,6.0,4.0
LMWP-01M-PC,LMWP-01M,Polished Chrome,LMWP-01M-PC,31.0,26.0,29.0,12.0,18.0,25.0,38.0,16.0,7.0,10.0,12.0,6.0,53.0,20.0,27.0,6.0,14.0,12.0,6.0,10.0,7.0,19.0,16.0,18.0,15.0,2.0,5.0,9.0,4.0
LU-6A3C2-BKWP,LU-6A3C2,Black,LU-6A3C2-BKWP,13.0,12.0,14.0,13.0,42.0,16.0,29.0,13.0,14.0,15.0,16.0,13.0,9.0,12.0,15.0,10.0,2.0,2.0,17.0,16.0,22.0,28.0,26.0,14.0,24.0,7.0,25.0,16.0,18.0
LWP-34M-LA,LWP-34M,Light Almond,LWP-34M-LA,5.0,6.0,7.0,6.0,6.0,15.0,13.0,9.0,30.0,34.0,27.0,18.0,15.0,9.0,9.0,20.0,22.0,15.0,30.0,35.0,42.0,6.0,1.0,0.0,2.0,6.0,15.0,16.0,38.0
LMWP-12M-HAC,LMWP-12M,Hammered Antique Copper,LMWP-12M-HAC,7.0,3.0,5.0,12.0,10.0,8.0,24.0,13.0,8.0,9.0,14.0,10.0,23.0,13.0,5.0,8.0,13.0,9.0,16.0,21.0,15.0,45.0,63.0,36.0,46.0,17.0,6.0,1.0,0.0
LDS-1P-BKWP,LDS-1P,Black,LDS-1P-BKWP2P,44.0,36.0,44.0,18.0,40.0,14.0,18.0,26.0,18.0,16.0,22.0,30.0,6.0,22.0,14.0,16.0,6.0,4.0,2.0,10.0,14.0,10.0,14.0,0.0,4.0,6.0,2.0,8.0,4.0
LSWP-33M-NK,LSWP-33M,Nickel,LSWP-33M-NK,6.0,15.0,11.0,8.0,14.0,12.0,12.0,18.0,17.0,31.0,33.0,31.0,17.0,10.0,19.0,11.0,12.0,4.0,14.0,16.0,13.0,12.0,32.0,11.0,15.0,19.0,19.0,24.0,30.0
LMWP-13M-PC,LMWP-13M,Polished Chrome,LMWP-13M-PC,26.0,29.0,20.0,24.0,15.0,16.0,31.0,21.0,15.0,20.0,20.0,12.0,22.0,17.0,12.0,14.0,10.0,3.0,15.0,17.0,19.0,21.0,18.0,11.0,16.0,10.0,6.0,17.0,10.0
LDDS-1P-LAWP,LDDS-1P,Light Almond,LDDS-1P-LAWP2P,22.0,28.0,14.0,24.0,16.0,10.0,12.0,12.0,8.0,10.0,28.0,20.0,34.0,26.0,16.0,18.0,4.0,18.0,8.0,16.0,4.0,2.0,42.0,16.0,30.0,10.0,14.0,16.0,12.0
LSWP-34M-BW,LSWP-34M,Brushed White,LSWP-34M-BW,18.0,23.0,8.0,11.0,13.0,13.0,21.0,21.0,18.0,30.0,36.0,27.0,21.0,11.0,15.0,25.0,14.0,12.0,19.0,12.0,11.0,7.0,13.0,9.0,23.0,6.0,16.0,22.0,17.0
LU-PD30AC-BRWP,LU-PD30AC,Brown,LU-PD30AC-BRWP2P,24.0,28.0,44.0,10.0,4.0,6.0,16.0,2.0,0.0,12.0,18.0,24.0,30.0,34.0,6.0,8.0,26.0,20.0,2.0,12.0,34.0,30.0,14.0,14.0,6.0,24.0,16.0,8.0,6.0
LCS3-1P-BR,LCS3-1P,Brown,"LCS3-1P-BR, LCS3-1P-BR10P",3.0,9.0,10.0,14.0,23.0,1.0,2.0,7.0,4.0,15.0,9.0,15.0,16.0,11.0,32.0,10.0,7.0,11.0,13.0,15.0,36.0,49.0,16.0,11.0,36.0,53.0,51.0,20.0,1.0
LSMWP-31M-BRG,LSMWP-31M,Brushed Rose Gold,LSMWP-31M-BRG,2.0,1.0,8.0,7.0,24.0,13.0,6.0,46.0,19.0,7.0,27.0,12.0,11.0,10.0,11.0,31.0,17.0,37.0,27.0,40.0,18.0,32.0,17.0,11.0,18.0,21.0,10.0,14.0,5.0
LMWP-31M-HC,LMWP-31M,Hammered Chrome,LMWP-31M-HC,3.0,5.0,15.0,4.0,22.0,9.0,20.0,19.0,14.0,26.0,15.0,18.0,22.0,21.0,14.0,7.0,11.0,15.0,15.0,33.0,17.0,39.0,29.0,29.0,21.0,13.0,24.0,16.0,13.0
LWP-31O-ARG,LWP-31O,Rose Gold,"LWP-31O-ARG, LWP-31O-ARG5P",27.0,18.0,21.0,10.0,15.0,10.0,21.0,35.0,24.0,9.0,4.0,41.0,17.0,27.0,21.0,11.0,12.0,26.0,9.0,21.0,10.0,7.0,27.0,15.0,16.0,19.0,15.0,12.0,11.0
LR15-4TR-W,LR15-4TR,White,LR15-4TR-W,1.0,88.0,2.0,9.0,8.0,6.0,14.0,13.0,7.0,17.0,21.0,12.0,20.0,21.0,26.0,10.0,21.0,23.0,29.0,10.0,23.0,10.0,16.0,17.0,39.0,14.0,20.0,10.0,7.0
LSWP-34M-ASV,LSWP-34M,Silver,LSWP-34M-ASV,17.0,16.0,15.0,23.0,24.0,20.0,15.0,17.0,13.0,10.0,14.0,13.0,21.0,21.0,23.0,26.0,21.0,10.0,7.0,18.0,21.0,20.0,24.0,14.0,23.0,29.0,19.0,22.0,7.0
LSWP-32M-SG,LSWP-32M,Space Gray,LSWP-32M-SG,14.0,12.0,13.0,19.0,15.0,17.0,11.0,34.0,10.0,22.0,13.0,20.0,6.0,15.0,11.0,9.0,17.0,19.0,11.0,14.0,12.0,22.0,29.0,19.0,18.0,49.0,27.0,30.0,18.0
LWP-32M-GY,LWP-32M,Gray,LWP-32M-GY,35.0,13.0,30.0,8.0,16.0,8.0,11.0,5.0,3.0,14.0,16.0,10.0,9.0,19.0,10.0,2.0,7.0,8.0,7.0,11.0,18.0,41.0,53.0,27.0,46.0,29.0,30.0,20.0,24.0
LCS2-1P-GYSWP,LCS2-1P,Gray,"LCS2-1P-GYSWP, LCS2-1P-GYSWP2P",16.0,22.0,19.0,5.0,4.0,8.0,16.0,12.0,19.0,35.0,30.0,15.0,18.0,51.0,35.0,25.0,10.0,20.0,12.0,9.0,12.0,10.0,29.0,13.0,31.0,15.0,16.0,14.0,16.0
LWP-21O-ABK,LWP-21O,Acrylic Black,"LWP-21O-ABK, LWP-21O-ABK5P",15.0,15.0,15.0,33.0,41.0,10.0,11.0,28.0,43.0,15.0,45.0,6.0,8.0,7.0,32.0,11.0,10.0,8.0,22.0,2.0,12.0,13.0,17.0,5.0,8.0,5.0,16.0,76.0,8.0
LSWP-01M-NK,LSWP-01M,Nickel,LSWP-01M-NK10P,0.0,10.0,0.0,10.0,10.0,50.0,10.0,60.0,0.0,30.0,10.0,30.0,40.0,10.0,10.0,10.0,0.0,10.0,10.0,10.0,0.0,10.0,10.0,0.0,0.0,0.0,30.0,10.0,10.0
LSMWP-32M-PB,LSMWP-32M,Polished Brass,LSMWP-32M-PB,31.0,32.0,12.0,17.0,36.0,37.0,26.0,36.0,16.0,20.0,29.0,21.0,11.0,11.0,15.0,8.0,5.0,5.0,22.0,8.0,22.0,18.0,12.0,15.0,34.0,9.0,15.0,4.0,13.0
LSWP-32M-BSG,LSWP-32M,Space Gray,LSWP-32M-BSG,29.0,18.0,22.0,9.0,29.0,27.0,20.0,37.0,20.0,20.0,22.0,24.0,19.0,17.0,16.0,23.0,17.0,10.0,11.0,16.0,22.0,9.0,29.0,12.0,22.0,10.0,19.0,5.0,6.0
LS15E-1P-BBKSBWP,LS15E-1P,Brushed Black,LS15E-1P-BBKSBWP5P,0.0,0.0,0.0,0.0,0.0,0.0,0.0,0.0,0.0,0.0,20.0,20.0,10.0,40.0,10.0,10.0,5.0,15.0,5.0,20.0,15.0,50.0,55.0,25.0,5.0,5.0,10.0,15.0,20.0
LMWP-14M-PB,LMWP-14M,Polished Brass,LMWP-14M-PB,29.0,32.0,28.0,24.0,31.0,25.0,16.0,21.0,18.0,9.0,42.0,14.0,10.0,14.0,10.0,8.0,8.0,11.0,8.0,15.0,14.0,30.0,44.0,19.0,24.0,19.0,11.0,4.0,6.0
LMWP-14M-SS,LMWP-14M,Stainless Steel,LMWP-14M-SS,33.0,40.0,30.0,25.0,36.0,32.0,35.0,26.0,20.0,16.0,25.0,8.0,12.0,8.0,10.0,9.0,7.0,6.0,2.0,14.0,19.0,20.0,13.0,24.0,23.0,9.0,19.0,10.0,16.0
LMWP-32M-AC,LMWP-32M,Antique Copper,LMWP-32M-AC,6.0,15.0,17.0,7.0,7.0,14.0,33.0,43.0,20.0,15.0,34.0,20.0,18.0,30.0,16.0,14.0,23.0,19.0,11.0,17.0,18.0,20.0,32.0,33.0,30.0,24.0,7.0,1.0,3.0
LU-PD30AC-WWP,LU-PD30AC,White,"LU-PD30AC-WWP, LU-PD30AC-WWP2P",10.0,29.0,11.0,7.0,7.0,14.0,31.0,20.0,21.0,18.0,62.0,9.0,6.0,16.0,18.0,18.0,7.0,16.0,14.0,10.0,33.0,35.0,29.0,9.0,33.0,12.0,23.0,17.0,12.0
LR15-4TR-WWP,LR15-4TR,White,LR15-4TR-WWP,4.0,33.0,7.0,22.0,11.0,83.0,44.0,8.0,35.0,28.0,26.0,11.0,26.0,23.0,13.0,27.0,9.0,13.0,14.0,8.0,5.0,14.0,19.0,9.0,16.0,12.0,17.0,10.0,6.0
LWP-1131O-ASV,LWP-1131O,Acrylic Silver,"LWP-1131O-ASV, LWP-1131O-ASV5P",26.0,24.0,25.0,13.0,20.0,26.0,32.0,19.0,23.0,24.0,25.0,17.0,28.0,21.0,38.0,25.0,25.0,23.0,12.0,15.0,9.0,6.0,24.0,17.0,13.0,7.0,5.0,6.0,5.0
LMWP-1131M-SS,LMWP-1131M,Stainless Steel,LMWP-1131M-SS,0.0,0.0,0.0,0.0,0.0,0.0,1.0,5.0,14.0,9.0,14.0,12.0,12.0,12.0,26.0,22.0,21.0,14.0,6.0,30.0,7.0,29.0,37.0,48.0,34.0,11.0,24.0,36.0,15.0
LWP-31M-GY,LWP-31M,Gray,LWP-31M-GY,17.0,10.0,1.0,22.0,21.0,6.0,10.0,8.0,13.0,7.0,20.0,20.0,30.0,21.0,20.0,15.0,18.0,25.0,9.0,5.0,52.0,44.0,44.0,13.0,47.0,14.0,20.0,14.0,13.0
LSWP-01M-SG,LSWP-01M,Space Gray,LSWP-01M-SG10P,10.0,10.0,0.0,20.0,30.0,20.0,0.0,0.0,40.0,30.0,10.0,20.0,20.0,10.0,40.0,10.0,30.0,10.0,0.0,20.0,0.0,0.0,20.0,0.0,10.0,20.0,20.0,10.0,0.0
LU-PD30AC-SGWP,LU-PD30AC,Space Gray,LU-PD30AC-SGWP,0.0,0.0,0.0,0.0,0.0,0.0,0.0,0.0,2.0,3.0,18.0,5.0,29.0,17.0,9.0,15.0,23.0,12.0,16.0,52.0,32.0,69.0,21.0,4.0,1.0,15.0,15.0,30.0,26.0
LSWP-33M-BSV,LSWP-33M,Brushed Silver,LSWP-33M-BSV,21.0,18.0,19.0,24.0,22.0,13.0,16.0,18.0,19.0,31.0,26.0,14.0,6.0,16.0,16.0,15.0,18.0,13.0,17.0,15.0,23.0,32.0,49.0,27.0,19.0,21.0,17.0,15.0,13.0
LTS-30M-G-WWP,LTS-30M,White,LTS-30M-G-WWP,68.0,46.0,62.0,31.0,23.0,4.0,18.0,27.0,17.0,22.0,33.0,24.0,26.0,19.0,11.0,22.0,9.0,5.0,13.0,5.0,8.0,0.0,4.0,21.0,13.0,3.0,1.0,2.0,0.0
LSWP-33M-ASV,LSWP-33M,Silver,LSWP-33M-ASV,15.0,14.0,27.0,24.0,8.0,21.0,22.0,20.0,15.0,16.0,20.0,21.0,23.0,26.0,21.0,17.0,8.0,12.0,17.0,34.0,25.0,28.0,29.0,13.0,27.0,31.0,30.0,23.0,15.0
LR15E-TR-BWSBWP,LR15E-TR,Brushed White,"LR15E-TR-BWSBWP, LR15E-TR-BWSBWP5P",0.0,0.0,0.0,0.0,0.0,0.0,0.0,0.0,0.0,9.0,35.0,67.0,10.0,10.0,31.0,5.0,7.0,20.0,16.0,1.0,3.0,26.0,25.0,25.0,12.0,20.0,31.0,51.0,15.0
LWP-21O-ARG,LWP-21O,Rose Gold,"LWP-21O-ARG, LWP-21O-ARG5P",12.0,24.0,38.0,4.0,27.0,22.0,41.0,23.0,9.0,18.0,23.0,29.0,17.0,39.0,32.0,17.0,11.0,25.0,8.0,19.0,8.0,11.0,45.0,37.0,19.0,17.0,14.0,9.0,0.0
LU-PD30AC-SVWP,LU-PD30AC,Silver,LU-PD30AC-SVWP,0.0,0.0,0.0,0.0,0.0,0.0,0.0,0.0,12.0,21.0,28.0,17.0,18.0,8.0,8.0,8.0,13.0,11.0,3.0,20.0,21.0,36.0,28.0,20.0,26.0,34.0,39.0,46.0,35.0
LTU-PD65AC2-W,LTU-PD65AC2,White,LTU-PD65AC2-W,0.0,0.0,0.0,0.0,0.0,0.0,0.0,0.0,0.0,0.0,30.0,2.0,35.0,33.0,37.0,50.0,51.0,38.0,24.0,22.0,20.0,15.0,6.0,5.0,7.0,7.0,15.0,8.0,4.0
LWP-33M-BR,LWP-33M,Brown,LWP-33M-BR,4.0,13.0,15.0,3.0,6.0,11.0,4.0,8.0,11.0,14.0,22.0,35.0,31.0,14.0,40.0,30.0,19.0,16.0,31.0,43.0,43.0,39.0,43.0,25.0,20.0,13.0,32.0,22.0,26.0
LSWP-32M-AGD,LSWP-32M,Gold,LSWP-32M-AGD,29.0,22.0,26.0,35.0,34.0,30.0,25.0,48.0,10.0,34.0,34.0,24.0,18.0,12.0,11.0,22.0,13.0,19.0,13.0,20.0,23.0,21.0,39.0,14.0,9.0,11.0,10.0,19.0,9.0
LSWP-33M-BBK,LSWP-33M,Brushed Black,LSWP-33M-BBK,18.0,26.0,23.0,15.0,41.0,15.0,26.0,21.0,15.0,32.0,29.0,24.0,14.0,24.0,36.0,20.0,9.0,15.0,12.0,20.0,16.0,22.0,37.0,20.0,24.0,20.0,16.0,35.0,13.0
LCS3-1P-W,LCS3-1P,White,LCS3-1P-W,22.0,23.0,12.0,10.0,21.0,11.0,20.0,18.0,8.0,14.0,15.0,11.0,8.0,11.0,25.0,2.0,17.0,17.0,11.0,39.0,38.0,55.0,61.0,55.0,42.0,17.0,19.0,32.0,15.0
LMWP-12M-HB,LMWP-12M,Hammered Brass,LMWP-12M-HB,23.0,12.0,24.0,11.0,10.0,23.0,31.0,36.0,33.0,21.0,22.0,24.0,27.0,23.0,16.0,12.0,9.0,12.0,19.0,26.0,24.0,46.0,45.0,24.0,28.0,10.0,19.0,19.0,34.0
LGL-15TR-WWP,LGL-15TR,White,"LGL-15TR-WWP, LGL-15TR-WWP2P",31.0,11.0,21.0,17.0,10.0,20.0,18.0,26.0,19.0,28.0,15.0,25.0,21.0,20.0,10.0,22.0,31.0,5.0,8.0,45.0,45.0,33.0,40.0,28.0,46.0,35.0,16.0,1.0,17.0
LMWP-11M-BBL,LMWP-11M,Brushed Blue,LMWP-11M-BBL,9.0,9.0,14.0,4.0,8.0,14.0,26.0,18.0,44.0,38.0,55.0,49.0,30.0,39.0,26.0,15.0,15.0,14.0,22.0,27.0,30.0,37.0,40.0,20.0,19.0,6.0,17.0,16.0,12.0
LMWP-11M-PC,LMWP-11M,Polished Chrome,LMWP-11M-PC,29.0,34.0,65.0,40.0,24.0,22.0,48.0,16.0,30.0,30.0,25.0,26.0,25.0,27.0,19.0,14.0,10.0,17.0,14.0,17.0,19.0,23.0,20.0,13.0,23.0,15.0,11.0,19.0,3.0
LU-6AC2-WWP,LU-6AC2,White,LU-6AC2-WWP,0.0,30.0,23.0,31.0,36.0,36.0,23.0,32.0,15.0,28.0,28.0,19.0,49.0,22.0,19.0,19.0,28.0,37.0,10.0,38.0,8.0,7.0,29.0,15.0,17.0,15.0,11.0,14.0,16.0
LSWP-34M-BNK,LSWP-34M,Brushed Nickel,LSWP-34M-BNK,14.0,8.0,19.0,16.0,19.0,13.0,21.0,27.0,33.0,25.0,28.0,31.0,33.0,23.0,34.0,45.0,30.0,20.0,29.0,29.0,13.0,23.0,24.0,13.0,27.0,17.0,15.0,30.0,20.0
LWP-34M-BR,LWP-34M,Brown,LWP-34M-BR,8.0,6.0,13.0,8.0,5.0,22.0,19.0,7.0,14.0,18.0,15.0,28.0,29.0,34.0,63.0,41.0,39.0,35.0,22.0,2.0,0.0,0.0,28.0,31.0,37.0,30.0,25.0,34.0,20.0
LSMWP-02M-SS,LSMWP-02M,Stainless Steel,LSMWP-02M-SS,5.0,22.0,18.0,17.0,19.0,74.0,57.0,42.0,22.0,20.0,23.0,6.0,5.0,22.0,13.0,24.0,12.0,35.0,25.0,20.0,17.0,13.0,27.0,14.0,37.0,5.0,37.0,29.0,20.0
LHS-FL-G-WWP,LHS-FL,White,"LHS-FL-G-WWP, LHS-FL-G-WWP2P",0.0,0.0,0.0,0.0,0.0,14.0,46.0,43.0,48.0,54.0,78.0,76.0,19.0,6.0,7.0,6.0,9.0,3.0,19.0,11.0,11.0,24.0,11.0,5.0,13.0,15.0,15.0,26.0,7.0
LSWP-32M-NK,LSWP-32M,Nickel,LSWP-32M-NK,7.0,15.0,19.0,12.0,17.0,13.0,20.0,14.0,18.0,40.0,19.0,29.0,22.0,10.0,29.0,21.0,11.0,25.0,20.0,15.0,31.0,12.0,28.0,22.0,43.0,45.0,41.0,52.0,36.0
LMWP-32M-HAB,LMWP-32M,Hammered Antique Brass,LMWP-32M-HAB,12.0,23.0,17.0,21.0,27.0,28.0,20.0,37.0,24.0,27.0,8.0,13.0,25.0,29.0,25.0,22.0,16.0,23.0,17.0,33.0,12.0,27.0,52.0,21.0,28.0,35.0,19.0,28.0,24.0
LGL-15TR-LAWP,LGL-15TR,Light Almond,LGL-15TR-LAWP2P,18.0,18.0,12.0,2.0,6.0,18.0,8.0,14.0,4.0,8.0,18.0,32.0,8.0,44.0,44.0,18.0,22.0,4.0,4.0,14.0,30.0,14.0,22.0,64.0,92.0,48.0,42.0,56.0,18.0
LWP-12O-AGD,LWP-12O,Acrylic Gold,"LWP-12O-AGD, LWP-12O-AGD5P",34.0,45.0,47.0,45.0,47.0,19.0,39.0,40.0,20.0,35.0,36.0,13.0,14.0,26.0,19.0,19.0,23.0,11.0,15.0,5.0,8.0,20.0,29.0,23.0,27.0,16.0,11.0,17.0,7.0
LGL-15TR-BKWP,LGL-15TR,Black,LGL-15TR-BKWP2P,10.0,10.0,20.0,30.0,24.0,20.0,32.0,18.0,10.0,28.0,48.0,20.0,2.0,22.0,22.0,18.0,8.0,18.0,20.0,28.0,40.0,22.0,20.0,32.0,68.0,64.0,40.0,18.0,6.0
LSWP-01M-GY,LSWP-01M,Gray,LSWP-01M-GY10P,10.0,10.0,30.0,20.0,20.0,10.0,0.0,30.0,30.0,50.0,20.0,30.0,70.0,30.0,30.0,20.0,40.0,40.0,10.0,0.0,50.0,30.0,10.0,10.0,10.0,10.0,20.0,10.0,0.0
LSMWP-01M-SS,LSMWP-01M,Stainless Steel,LSMWP-01M-SS,16.0,17.0,26.0,27.0,41.0,40.0,50.0,60.0,23.0,19.0,25.0,9.0,17.0,17.0,15.0,22.0,14.0,20.0,26.0,19.0,12.0,44.0,23.0,23.0,13.0,11.0,34.0,17.0,47.0
LS15-3W-SV,LS15-3W,Silver,"LS15-3W-SV, LS15-3W-SV5P",5.0,11.0,15.0,40.0,25.0,39.0,10.0,21.0,14.0,51.0,31.0,17.0,33.0,23.0,27.0,34.0,22.0,14.0,8.0,16.0,13.0,54.0,35.0,32.0,37.0,11.0,24.0,28.0,39.0
LMWP-1131M-PB,LMWP-1131M,Polished Brass,LMWP-1131M-PB,19.0,21.0,22.0,28.0,24.0,16.0,31.0,21.0,24.0,28.0,36.0,19.0,21.0,24.0,31.0,28.0,17.0,10.0,18.0,37.0,55.0,34.0,50.0,54.0,30.0,3.0,13.0,15.0,2.0
LWP-41O-ABK,LWP-41O,Acrylic Black,"LWP-41O-ABK, LWP-41O-ABK5P",0.0,0.0,1.0,7.0,1.0,20.0,9.0,21.0,24.0,28.0,44.0,46.0,46.0,93.0,80.0,41.0,35.0,17.0,15.0,31.0,23.0,18.0,18.0,5.0,11.0,0.0,3.0,1.0,0.0
LSWP-33M-BR,LSWP-33M,Brown,LSWP-33M-BR,14.0,20.0,12.0,23.0,34.0,19.0,15.0,14.0,15.0,22.0,15.0,16.0,20.0,16.0,44.0,20.0,9.0,22.0,17.0,38.0,27.0,36.0,51.0,40.0,44.0,45.0,38.0,41.0,16.0
LMWP-33M-PC,LMWP-33M,Polished Chrome,LMWP-33M-PC,19.0,17.0,23.0,17.0,17.0,25.0,22.0,20.0,24.0,29.0,37.0,34.0,44.0,27.0,43.0,25.0,19.0,25.0,17.0,22.0,21.0,17.0,41.0,14.0,32.0,39.0,32.0,23.0,20.0
LSWP-33M-BW,LSWP-33M,Brushed White,LSWP-33M-BW,46.0,33.0,21.0,30.0,24.0,20.0,36.0,28.0,28.0,27.0,21.0,19.0,15.0,35.0,15.0,14.0,12.0,10.0,25.0,11.0,35.0,29.0,42.0,15.0,45.0,29.0,28.0,31.0,22.0
LWP-32O-AGD,LWP-32O,Acrylic Gold,"LWP-32O-AGD, LWP-32O-AGD5P",31.0,16.0,13.0,27.0,20.0,19.0,16.0,25.0,27.0,26.0,26.0,20.0,15.0,25.0,42.0,43.0,15.0,23.0,12.0,19.0,16.0,38.0,66.0,52.0,44.0,21.0,21.0,16.0,12.0
LMWP-21M-HC,LMWP-21M,Hammered Chrome,LMWP-21M-HC,0.0,8.0,1.0,13.0,23.0,13.0,28.0,14.0,28.0,23.0,26.0,20.0,41.0,31.0,27.0,10.0,9.0,10.0,12.0,23.0,27.0,58.0,67.0,67.0,59.0,26.0,37.0,9.0,16.0
LTU-RPD36AC2-BK,LTU-RPD36AC2,Black,LTU-RPD36AC2-BK,0.0,0.0,0.0,0.0,0.0,0.0,0.0,0.0,0.0,0.0,36.0,14.0,49.0,41.0,45.0,21.0,34.0,23.0,10.0,24.0,55.0,37.0,6.0,5.0,8.0,2.0,5.0,18.0,64.0
LDDS-1P-BKWP,LDDS-1P,Black,LDDS-1P-BKWP2P,58.0,20.0,22.0,44.0,26.0,22.0,28.0,24.0,18.0,16.0,28.0,26.0,26.0,18.0,22.0,36.0,4.0,12.0,6.0,6.0,16.0,34.0,42.0,36.0,42.0,20.0,54.0,38.0,16.0
LGL-3W-BKWP,LGL-3W,Black,"LGL-3W-BKWP, LGL-3W-BKWP2P",10.0,20.0,10.0,12.0,12.0,10.0,24.0,26.0,16.0,22.0,42.0,26.0,26.0,22.0,34.0,16.0,32.0,16.0,24.0,100.0,20.0,42.0,8.0,34.0,68.0,32.0,26.0,22.0,13.0
LMWP-11M-HB,LMWP-11M,Hammered Brass,LMWP-11M-HB,30.0,22.0,20.0,15.0,17.0,39.0,41.0,52.0,34.0,23.0,23.0,23.0,27.0,21.0,19.0,5.0,12.0,16.0,20.0,37.0,23.0,47.0,50.0,32.0,37.0,18.0,29.0,16.0,17.0
LWE3-315-GD,LWE3,Gold,LWE3-315-GD,13.0,21.0,15.0,15.0,8.0,17.0,22.0,15.0,23.0,28.0,42.0,46.0,31.0,46.0,64.0,37.0,6.0,7.0,0.0,0.0,0.0,6.0,46.0,37.0,62.0,28.0,35.0,23.0,13.0
LWP-31O-ABK,LWP-31O,Acrylic Black,"LWP-31O-ABK, LWP-31O-ABK5P",60.0,31.0,73.0,42.0,22.0,32.0,25.0,34.0,18.0,35.0,30.0,39.0,35.0,35.0,23.0,25.0,15.0,18.0,25.0,34.0,2.0,4.0,18.0,14.0,10.0,19.0,18.0,46.0,6.0
LMWP-11M-HAC,LMWP-11M,Hammered Antique Copper,LMWP-11M-HAC,5.0,10.0,3.0,7.0,12.0,12.0,32.0,24.0,33.0,29.0,24.0,35.0,32.0,25.0,23.0,8.0,17.0,11.0,48.0,46.0,21.0,59.0,60.0,22.0,57.0,25.0,29.0,37.0,45.0
LMWP-13M-HAB,LMWP-13M,Hammered Antique Brass,LMWP-13M-HAB,14.0,10.0,18.0,24.0,18.0,17.0,8.0,0.0,17.0,24.0,73.0,52.0,52.0,49.0,37.0,29.0,22.0,18.0,34.0,45.0,29.0,38.0,2.0,0.0,1.0,0.0,0.0,0.0,0.0
LMWP-12M-PC,LMWP-12M,Polished Chrome,LMWP-12M-PC,39.0,36.0,33.0,40.0,30.0,33.0,32.0,26.0,30.0,29.0,47.0,26.0,37.0,24.0,28.0,16.0,19.0,10.0,26.0,34.0,23.0,27.0,23.0,17.0,33.0,27.0,16.0,27.0,13.0
LWP-32M-BR,LWP-32M,Brown,LWP-32M-BR,31.0,25.0,13.0,9.0,6.0,33.0,28.0,10.0,13.0,16.0,55.0,44.0,37.0,29.0,38.0,15.0,23.0,14.0,36.0,36.0,39.0,68.0,12.0,2.0,20.0,21.0,47.0,43.0,38.0
LR20-TR-LA,LR20-TR,Light Almond,LR20-TR-LA,14.0,13.0,2.0,10.0,2.0,11.0,7.0,9.0,17.0,11.0,86.0,4.0,24.0,3.0,20.0,6.0,5.0,22.0,23.0,18.0,11.0,20.0,156.0,71.0,56.0,6.0,13.0,165.0,11.0
LSWP-32M-I,LSWP-32M,Ivory,"LSWP-32M-I, LSWP-32M-I10P",9.0,28.0,68.0,32.0,24.0,27.0,30.0,12.0,18.0,9.0,34.0,10.0,8.0,2.0,16.0,22.0,17.0,7.0,1.0,18.0,12.0,55.0,42.0,34.0,22.0,85.0,73.0,64.0,50.0
LMWP-13M-SS,LMWP-13M,Stainless Steel,LMWP-13M-SS,4.0,30.0,26.0,11.0,21.0,15.0,25.0,31.0,19.0,21.0,18.0,10.0,7.0,10.0,6.0,11.0,15.0,3.0,6.0,24.0,19.0,53.0,42.0,58.0,84.0,79.0,62.0,92.0,33.0
LS15E-3W-BBK,LS15E-3W,Brushed Black,LS15E-3W-BBK5P,0.0,0.0,0.0,0.0,0.0,0.0,0.0,5.0,15.0,15.0,20.0,60.0,45.0,100.0,20.0,20.0,5.0,15.0,10.0,25.0,20.0,55.0,35.0,20.0,25.0,30.0,45.0,30.0,20.0
LE5S-6SAC2-BK,LE5S,Black,LE5S-6SAC2-BK,0.0,0.0,30.0,1.0,9.0,87.0,41.0,40.0,38.0,48.0,53.0,56.0,44.0,42.0,27.0,31.0,33.0,24.0,34.0,18.0,10.0,8.0,29.0,8.0,10.0,16.0,11.0,26.0,20.0
LMWP-31M-HAC,LMWP-31M,Hammered Antique Copper,LMWP-31M-HAC,2.0,3.0,6.0,11.0,8.0,31.0,34.0,36.0,30.0,36.0,21.0,12.0,11.0,19.0,34.0,35.0,20.0,36.0,16.0,45.0,38.0,70.0,75.0,49.0,63.0,28.0,23.0,43.0,25.0
LHS-F-G-BKWP,LHS-F,Black,LHS-F-G-BKWP2P,0.0,0.0,2.0,32.0,22.0,12.0,18.0,16.0,14.0,12.0,24.0,18.0,22.0,46.0,56.0,34.0,68.0,26.0,32.0,38.0,40.0,4.0,8.0,0.0,0.0,8.0,62.0,72.0,60.0
LR20-TR-SV,LR20-TR,Silver,"LR20-TR-SV, LR20-TR-SV5P",6.0,10.0,21.0,21.0,7.0,4.0,21.0,20.0,18.0,22.0,30.0,5.0,17.0,13.0,119.0,17.0,23.0,24.0,38.0,54.0,43.0,46.0,36.0,64.0,85.0,18.0,25.0,57.0,21.0
LSMWP-32M-SS,LSMWP-32M,Stainless Steel,LSMWP-32M-SS,49.0,39.0,57.0,42.0,50.0,14.0,25.0,36.0,64.0,29.0,44.0,20.0,13.0,37.0,17.0,22.0,22.0,18.0,18.0,22.0,33.0,23.0,34.0,31.0,31.0,22.0,55.0,18.0,22.0
LR20-TR-GY,LR20-TR,Gray,"LR20-TR-GY, LR20-TR-GY5P",1.0,8.0,23.0,35.0,6.0,19.0,66.0,51.0,14.0,83.0,64.0,105.0,19.0,22.0,29.0,54.0,9.0,41.0,14.0,4.0,44.0,42.0,25.0,24.0,25.0,40.0,29.0,10.0,5.0
LWP-32M-LA,LWP-32M,Light Almond,LWP-32M-LA,17.0,16.0,17.0,9.0,5.0,10.0,15.0,13.0,17.0,17.0,5.0,11.0,13.0,11.0,35.0,34.0,43.0,22.0,47.0,74.0,55.0,59.0,61.0,62.0,114.0,52.0,74.0,3.0,3.0
LMWP-13M-AB,LMWP-13M,Antique Brass,LMWP-13M-AB,35.0,46.0,29.0,22.0,14.0,20.0,27.0,26.0,17.0,20.0,63.0,28.0,40.0,20.0,32.0,25.0,24.0,22.0,38.0,33.0,25.0,59.0,105.0,54.0,27.0,0.0,1.0,0.0,4.0
LS15-3W-SG,LS15-3W,Space Gray,"LS15-3W-SG, LS15-3W-SG5P",38.0,46.0,32.0,9.0,53.0,71.0,20.0,45.0,6.0,19.0,25.0,18.0,32.0,15.0,22.0,21.0,24.0,18.0,5.0,13.0,17.0,27.0,74.0,14.0,45.0,21.0,13.0,124.0,60.0
LWP-11O-AGD,LWP-11O,Acrylic Gold,"LWP-11O-AGD, LWP-11O-AGD5P",44.0,45.0,39.0,32.0,62.0,25.0,50.0,51.0,30.0,38.0,73.0,47.0,14.0,29.0,27.0,40.0,31.0,9.0,15.0,7.0,8.0,47.0,41.0,28.0,37.0,21.0,20.0,18.0,6.0
LSWP-01M-BR,LSWP-01M,Brown,LSWP-01M-BR10P,0.0,0.0,10.0,0.0,10.0,60.0,40.0,40.0,30.0,40.0,40.0,20.0,20.0,10.0,30.0,30.0,30.0,40.0,30.0,0.0,10.0,10.0,20.0,60.0,30.0,0.0,20.0,30.0,120.0
LSWP-32M-BLA,LSWP-32M,Light Almond,LSWP-32M-BLA10P,30.0,20.0,0.0,20.0,10.0,10.0,40.0,10.0,40.0,20.0,80.0,40.0,50.0,40.0,30.0,30.0,50.0,20.0,50.0,20.0,70.0,30.0,70.0,10.0,10.0,40.0,40.0,10.0,30.0
LE5S-4RAC2-BK,LE5S,Black,LE5S-4RAC2-BK,0.0,0.0,30.0,21.0,31.0,38.0,19.0,26.0,24.0,41.0,77.0,58.0,53.0,51.0,61.0,38.0,70.0,37.0,38.0,19.0,10.0,11.0,32.0,21.0,16.0,21.0,14.0,21.0,12.0
LMWP-21M-AC,LMWP-21M,Antique Copper,LMWP-21M-AC,13.0,14.0,13.0,10.0,10.0,23.0,35.0,61.0,25.0,48.0,56.0,35.0,26.0,30.0,9.0,18.0,21.0,15.0,16.0,42.0,28.0,51.0,95.0,62.0,61.0,30.0,37.0,34.0,44.0
LS15E-3W-BW,LS15E-3W,Brushed White,LS15E-3W-BW5P,0.0,0.0,0.0,0.0,0.0,0.0,0.0,30.0,20.0,50.0,45.0,20.0,60.0,20.0,40.0,55.0,10.0,0.0,25.0,45.0,20.0,15.0,20.0,40.0,40.0,15.0,35.0,85.0,10.0
LMWP-22M-BB,LMWP-22M,Brushed Brass,LMWP-22M-BB,18.0,39.0,16.0,27.0,20.0,25.0,32.0,29.0,52.0,37.0,39.0,34.0,24.0,30.0,38.0,21.0,11.0,14.0,52.0,27.0,31.0,49.0,75.0,28.0,39.0,50.0,37.0,40.0,36.0
LSWP-34M-LA,LSWP-34M,Light Almond,LSWP-34M-LA,13.0,20.0,25.0,28.0,39.0,16.0,24.0,39.0,23.0,41.0,56.0,29.0,33.0,15.0,30.0,35.0,26.0,12.0,13.0,22.0,49.0,42.0,70.0,51.0,64.0,24.0,48.0,44.0,39.0
LMWP-1121M-SS,LMWP-1121M,Stainless Steel,LMWP-1121M-SS,0.0,0.0,9.0,19.0,6.0,15.0,13.0,6.0,2.0,11.0,16.0,13.0,18.0,9.0,20.0,10.0,10.0,6.0,6.0,36.0,49.0,69.0,95.0,97.0,154.0,49.0,85.0,67.0,14.0
LSWP-32M-BGY,LSWP-32M,Brushed Gray,"LSWP-32M-BGY, LSWP-32M-BGY10P",0.0,10.0,20.0,10.0,20.0,0.0,20.0,0.0,20.0,80.0,40.0,0.0,0.0,10.0,30.0,60.0,20.0,0.0,30.0,70.0,30.0,50.0,40.0,25.0,78.0,23.0,31.0,44.0,20.0
LDFS-1P3S-WWP,LDFS-1P3S,White,"LDFS-1P3S-WWP, LDFS-1P3S-WWP2P",40.0,39.0,54.0,50.0,26.0,18.0,57.0,36.0,17.0,44.0,63.0,71.0,71.0,53.0,32.0,49.0,29.0,18.0,21.0,24.0,21.0,26.0,37.0,27.0,13.0,8.0,29.0,18.0,2.0
LPS-1P-WWP,LPS-1P,White,"LPS-1P-WWP, LPS-1P-WWP2P",45.0,30.0,59.0,19.0,16.0,7.0,21.0,30.0,20.0,45.0,53.0,38.0,79.0,75.0,73.0,79.0,45.0,55.0,38.0,36.0,42.0,34.0,16.0,18.0,17.0,8.0,9.0,3.0,5.0
LWE8-315-LA,LWE8,Light Almond,LWE8-315-LA,24.0,30.0,33.0,21.0,22.0,14.0,17.0,22.0,18.0,27.0,49.0,30.0,35.0,30.0,62.0,43.0,75.0,68.0,73.0,68.0,27.0,8.0,12.0,0.0,0.0,1.0,40.0,54.0,42.0
LSWP-32M-BSV,LSWP-32M,Brushed Silver,LSWP-32M-BSV,21.0,33.0,22.0,42.0,35.0,20.0,35.0,31.0,30.0,51.0,57.0,27.0,34.0,28.0,31.0,31.0,53.0,16.0,24.0,34.0,37.0,64.0,70.0,31.0,28.0,61.0,26.0,26.0,20.0
LWE3-315-NK,LWE3,Nickel,LWE3-315-NK,33.0,27.0,28.0,21.0,25.0,30.0,36.0,33.0,26.0,44.0,73.0,60.0,61.0,52.0,52.0,34.0,46.0,21.0,2.0,0.0,0.0,8.0,54.0,43.0,41.0,29.0,25.0,30.0,19.0
LWP-12O-ASV,LWP-12O,Acrylic Silver,"LWP-12O-ASV, LWP-12O-ASV5P",76.0,67.0,78.0,67.0,65.0,43.0,60.0,56.0,63.0,36.0,38.0,39.0,36.0,29.0,58.0,26.0,19.0,18.0,20.0,11.0,14.0,20.0,11.0,19.0,11.0,18.0,10.0,11.0,12.0
LMWP-31M-HB,LMWP-31M,Hammered Brass,LMWP-31M-HB,21.0,15.0,18.0,23.0,47.0,34.0,70.0,50.0,41.0,44.0,37.0,50.0,37.0,23.0,44.0,20.0,18.0,11.0,30.0,35.0,30.0,35.0,91.0,29.0,62.0,46.0,30.0,33.0,24.0
LWE3-315-SV,LWE3,Silver,LWE3-315-SV,27.0,29.0,35.0,18.0,22.0,45.0,22.0,31.0,22.0,44.0,67.0,46.0,61.0,44.0,53.0,25.0,31.0,35.0,51.0,36.0,26.0,30.0,43.0,34.0,29.0,60.0,37.0,26.0,28.0
LCS1-1PTR-GDSWP,LCS1-1PTR,Gold,"LCS1-1PTR-GDSWP, LCS1-1PTR-GDSWP2P",16.0,13.0,23.0,19.0,23.0,32.0,31.0,23.0,24.0,44.0,45.0,35.0,39.0,34.0,46.0,22.0,48.0,39.0,46.0,31.0,58.0,37.0,68.0,55.0,66.0,33.0,33.0,53.0,25.0
LSWP-02M-BK,LSWP-02M,Black,LSWP-02M-BK10P,10.0,380.0,10.0,20.0,30.0,0.0,30.0,10.0,10.0,10.0,10.0,30.0,60.0,20.0,20.0,30.0,0.0,20.0,0.0,0.0,20.0,20.0,50.0,20.0,10.0,0.0,10.0,20.0,30.0
LMWP-1121M-PB,LMWP-1121M,Polished Brass,LMWP-1121M-PB,21.0,21.0,38.0,38.0,32.0,52.0,30.0,39.0,28.0,42.0,64.0,40.0,34.0,30.0,41.0,33.0,25.0,27.0,33.0,47.0,37.0,35.0,92.0,70.0,39.0,22.0,22.0,18.0,24.0
LMWP-41M-AB,LMWP-41M,Antique Brass,LMWP-41M-AB,8.0,22.0,36.0,32.0,24.0,29.0,39.0,41.0,61.0,35.0,45.0,33.0,42.0,54.0,70.0,32.0,32.0,50.0,44.0,20.0,0.0,0.0,0.0,0.0,24.0,47.0,36.0,51.0,22.0
LGL-3W-WWP,LGL-3W,White,"LGL-3W-WWP, LGL-3W-WWP2P",27.0,37.0,55.0,35.0,233.0,15.0,29.0,20.0,42.0,86.0,52.0,26.0,37.0,49.0,34.0,20.0,14.0,14.0,14.0,9.0,9.0,38.0,19.0,33.0,70.0,19.0,15.0,28.0,6.0
LS15-1P-I,LS15-1P,Ivory,"LS15-1P-I, LS15-1P-I5P",5.0,21.0,53.0,25.0,21.0,19.0,39.0,26.0,5.0,19.0,32.0,70.0,6.0,12.0,16.0,14.0,22.0,15.0,6.0,30.0,28.0,4.0,86.0,71.0,50.0,61.0,28.0,249.0,56.0
LCS3-1P-GDSWP,LCS3-1P,Gold,"LCS3-1P-GDSWP, LCS3-1P-GDSWP2P",8.0,24.0,11.0,23.0,28.0,16.0,46.0,9.0,21.0,50.0,38.0,27.0,44.0,40.0,35.0,35.0,39.0,32.0,44.0,40.0,37.0,46.0,90.0,50.0,66.0,44.0,52.0,53.0,57.0
LR20-TR-BR,LR20-TR,Brown,"LR20-TR-BR, LR20-TR-BR5P",7.0,27.0,21.0,20.0,10.0,24.0,19.0,24.0,34.0,29.0,25.0,37.0,34.0,26.0,19.0,53.0,23.0,12.0,24.0,39.0,88.0,66.0,97.0,20.0,79.0,78.0,54.0,63.0,53.0
LSWP-34M-GD,LSWP-34M,Gold,"LSWP-34M-GD, LSWP-34M-GD2P",20.0,19.0,25.0,30.0,24.0,31.0,31.0,26.0,30.0,40.0,49.0,34.0,44.0,51.0,42.0,39.0,63.0,22.0,18.0,36.0,25.0,38.0,55.0,54.0,53.0,53.0,51.0,56.0,48.0
LMWP-34M-BB,LMWP-34M,Brushed Brass,LMWP-34M-BB,28.0,43.0,23.0,27.0,27.0,34.0,36.0,61.0,31.0,52.0,56.0,38.0,33.0,26.0,20.0,21.0,22.0,23.0,33.0,38.0,37.0,50.0,67.0,44.0,44.0,42.0,50.0,57.0,49.0
LWP-33O-ASV,LWP-33O,Acrylic Silver,"LWP-33O-ASV, LWP-33O-ASV5P",53.0,52.0,49.0,47.0,41.0,37.0,37.0,26.0,30.0,56.0,40.0,45.0,47.0,43.0,45.0,43.0,44.0,49.0,31.0,34.0,31.0,5.0,5.0,0.0,0.0,0.0,0.0,0.0,0.0
LR15E-TR-BBKSBWP,LR15E-TR,Brushed Black,"LR15E-TR-BBKSBWP, LR15E-TR-BBKSBWP5P",0.0,0.0,0.0,0.0,0.0,0.0,0.0,0.0,2.0,15.0,74.0,61.0,22.0,20.0,42.0,69.0,14.0,26.0,11.0,16.0,35.0,47.0,34.0,8.0,135.0,34.0,78.0,41.0,34.0
LMWP-33M-PB,LMWP-33M,Polished Brass,LMWP-33M-PB,46.0,59.0,65.0,29.0,29.0,49.0,47.0,45.0,42.0,38.0,54.0,48.0,43.0,45.0,31.0,31.0,10.0,32.0,17.0,25.0,26.0,42.0,52.0,44.0,78.0,26.0,41.0,28.0,11.0
LWE8-3RAC2-BK,LWE8,Black,LWE8-3RAC2-BK,0.0,0.0,22.0,37.0,51.0,76.0,76.0,52.0,39.0,46.0,82.0,51.0,49.0,62.0,35.0,31.0,30.0,24.0,24.0,34.0,20.0,23.0,43.0,13.0,35.0,30.0,26.0,31.0,17.0
LS15-3W-BR,LS15-3W,Brown,LS15-3W-BR,17.0,19.0,9.0,77.0,16.0,58.0,14.0,15.0,22.0,15.0,41.0,25.0,27.0,25.0,42.0,22.0,17.0,15.0,13.0,39.0,41.0,116.0,125.0,68.0,40.0,56.0,82.0,53.0,29.0
LMWP-14M-BB,LMWP-14M,Brushed Brass,LMWP-14M-BB,13.0,18.0,13.0,20.0,17.0,14.0,24.0,19.0,28.0,46.0,46.0,37.0,42.0,50.0,37.0,34.0,29.0,30.0,31.0,59.0,59.0,75.0,93.0,38.0,62.0,36.0,57.0,71.0,45.0
LMWP-22M-SS,LMWP-22M,Stainless Steel,LMWP-22M-SS,35.0,14.0,27.0,78.0,33.0,50.0,45.0,61.0,41.0,78.0,23.0,11.0,23.0,23.0,21.0,23.0,70.0,33.0,6.0,47.0,31.0,61.0,111.0,56.0,53.0,46.0,3.0,1.0,0.0
LSMWP-31M-PC,LSMWP-31M,Polished Chrome,LSMWP-31M-PC,12.0,5.0,9.0,42.0,48.0,39.0,45.0,57.0,33.0,66.0,42.0,35.0,61.0,71.0,44.0,43.0,41.0,50.0,19.0,42.0,35.0,55.0,33.0,27.0,30.0,48.0,25.0,80.0,21.0
LCS1-1PTR-BK,LCS1-1PTR,Black,LCS1-1PTR-BK,49.0,61.0,32.0,32.0,33.0,37.0,35.0,32.0,27.0,31.0,56.0,38.0,39.0,36.0,58.0,25.0,40.0,33.0,42.0,40.0,37.0,47.0,48.0,45.0,34.0,19.0,31.0,76.0,51.0
LS15-3W-NK,LS15-3W,Nickel,"LS15-3W-NK, LS15-3W-NK5P",6.0,44.0,20.0,24.0,25.0,17.0,29.0,48.0,26.0,53.0,27.0,63.0,19.0,60.0,21.0,57.0,43.0,18.0,29.0,13.0,37.0,37.0,41.0,47.0,92.0,44.0,47.0,103.0,75.0
LR15E-TR-BW,LR15E-TR,Brushed White,LR15E-TR-BW5P,0.0,0.0,0.0,0.0,0.0,0.0,15.0,45.0,30.0,10.0,20.0,10.0,30.0,30.0,90.0,120.0,35.0,45.0,50.0,20.0,20.0,5.0,0.0,0.0,145.0,5.0,10.0,100.0,20.0
LSWP-33M-BNK,LSWP-33M,Brushed Nickel,LSWP-33M-BNK,32.0,24.0,42.0,59.0,34.0,24.0,30.0,56.0,27.0,40.0,43.0,23.0,54.0,34.0,61.0,55.0,45.0,45.0,56.0,32.0,4.0,0.0,0.0,11.0,46.0,39.0,67.0,86.0,32.0
LTS-30M-WWP,LTS-30M,White,"LTS-30M-WWP, LTS-30M-WWP2P",206.0,113.0,47.0,26.0,15.0,21.0,24.0,32.0,25.0,42.0,74.0,40.0,93.0,81.0,57.0,48.0,19.0,33.0,13.0,12.0,21.0,21.0,29.0,19.0,2.0,18.0,19.0,26.0,9.0
LMWP-01M-AB,LMWP-01M,Antique Brass,LMWP-01M-AB,32.0,42.0,51.0,34.0,57.0,25.0,36.0,47.0,57.0,58.0,50.0,67.0,37.0,42.0,28.0,23.0,42.0,31.0,34.0,52.0,37.0,61.0,47.0,20.0,13.0,0.0,0.0,0.0,0.0
LWP-31M-LA,LWP-31M,Light Almond,LWP-31M-LA,15.0,14.0,6.0,1.0,7.0,12.0,12.0,10.0,28.0,27.0,37.0,48.0,70.0,80.0,54.0,64.0,48.0,26.0,54.0,76.0,49.0,65.0,97.0,32.0,57.0,23.0,106.0,40.0,31.0
LS15E-1P-BW,LS15E-1P,Brushed White,LS15E-1P-BW5P,0.0,0.0,0.0,0.0,0.0,0.0,15.0,70.0,20.0,135.0,60.0,20.0,20.0,25.0,95.0,110.0,35.0,20.0,25.0,5.0,20.0,45.0,60.0,75.0,35.0,5.0,20.0,20.0,10.0
LE5-3RAC2-BK,LE5,Black,LE5-3RAC2-BK,0.0,0.0,30.0,5.0,7.0,40.0,12.0,51.0,33.0,57.0,100.0,85.0,109.0,71.0,70.0,45.0,56.0,49.0,43.0,21.0,21.0,15.0,42.0,32.0,27.0,12.0,9.0,51.0,26.0
LMWP-41M-BB,LMWP-41M,Brushed Brass,LMWP-41M-BB,0.0,0.0,0.0,0.0,0.0,0.0,0.0,7.0,15.0,25.0,44.0,27.0,27.0,20.0,37.0,21.0,18.0,42.0,35.0,34.0,79.0,61.0,85.0,45.0,58.0,87.0,54.0,68.0,42.0
LSWP-33M-GY,LSWP-33M,Gray,LSWP-33M-GY,33.0,61.0,49.0,57.0,48.0,33.0,29.0,45.0,35.0,44.0,20.0,33.0,33.0,27.0,15.0,31.0,23.0,31.0,32.0,39.0,44.0,42.0,50.0,51.0,67.0,67.0,79.0,79.0,35.0
LSWP-32M-ASV,LSWP-32M,Silver,LSWP-32M-ASV,47.0,50.0,48.0,40.0,34.0,54.0,47.0,41.0,49.0,48.0,54.0,48.0,31.0,36.0,52.0,29.0,39.0,23.0,43.0,38.0,52.0,50.0,45.0,43.0,55.0,33.0,53.0,47.0,22.0
LMWP-1131M-BB,LMWP-1131M,Brushed Brass,LMWP-1131M-BB,21.0,30.0,33.0,36.0,25.0,34.0,33.0,36.0,34.0,55.0,58.0,59.0,67.0,91.0,82.0,49.0,38.0,42.0,44.0,45.0,2.0,1.0,0.0,0.0,40.0,47.0,71.0,79.0,41.0
LS15-1P-SG,LS15-1P,Space Gray,"LS15-1P-SG, LS15-1P-SG5P",56.0,42.0,21.0,25.0,27.0,45.0,23.0,78.0,29.0,49.0,40.0,39.0,25.0,29.0,42.0,41.0,47.0,38.0,11.0,31.0,33.0,38.0,95.0,43.0,59.0,78.0,62.0,84.0,55.0
LS15-1P-SV,LS15-1P,Silver,"LS15-1P-SV, LS15-1P-SV5P",11.0,55.0,29.0,28.0,45.0,51.0,58.0,46.0,93.0,58.0,50.0,13.0,36.0,23.0,72.0,66.0,26.0,8.0,15.0,19.0,39.0,43.0,47.0,78.0,76.0,66.0,69.0,50.0,51.0
LFS-3S-WWP,LFS-3S,White,LFS-3S-WWP,63.0,61.0,77.0,107.0,78.0,60.0,86.0,57.0,93.0,73.0,117.0,79.0,47.0,48.0,20.0,28.0,26.0,17.0,19.0,16.0,19.0,19.0,21.0,32.0,19.0,6.0,10.0,21.0,6.0
LDS-1P-WWP,LDS-1P,White,LDS-1P-WWP,84.0,118.0,89.0,45.0,51.0,42.0,93.0,30.0,39.0,41.0,50.0,70.0,97.0,77.0,69.0,21.0,14.0,8.0,38.0,34.0,20.0,34.0,29.0,27.0,31.0,25.0,17.0,20.0,17.0
LWP-31M-BR,LWP-31M,Brown,LWP-31M-BR,21.0,32.0,18.0,1.0,12.0,44.0,36.0,41.0,33.0,31.0,122.0,82.0,80.0,88.0,108.0,15.0,0.0,0.0,0.0,1.0,26.0,63.0,55.0,45.0,50.0,22.0,84.0,66.0,40.0
LDS-PL-BK,LDS-PL,Black,LDS-PL-BK,125.0,118.0,76.0,48.0,28.0,22.0,43.0,47.0,47.0,56.0,75.0,69.0,91.0,54.0,51.0,21.0,22.0,17.0,21.0,19.0,19.0,22.0,48.0,50.0,55.0,47.0,41.0,24.0,14.0
LMWP-32M-PC,LMWP-32M,Polished Chrome,LMWP-32M-PC,49.0,36.0,57.0,45.0,31.0,40.0,54.0,76.0,56.0,55.0,69.0,66.0,78.0,86.0,72.0,65.0,41.0,50.0,29.0,41.0,36.0,39.0,44.0,32.0,21.0,38.0,25.0,28.0,25.0
LDFS-1P3S-BKWP,LDFS-1P3S,Black,LDFS-1P3S-BKWP2P,6.0,16.0,12.0,12.0,40.0,18.0,38.0,62.0,46.0,56.0,90.0,64.0,72.0,54.0,26.0,0.0,14.0,30.0,24.0,78.0,68.0,92.0,70.0,50.0,52.0,68.0,74.0,48.0,62.0
LSMWP-31M-PB,LSMWP-31M,Polished Brass,LSMWP-31M-PB,96.0,94.0,28.0,57.0,91.0,73.0,59.0,118.0,56.0,51.0,93.0,28.0,30.0,44.0,37.0,23.0,32.0,8.0,22.0,21.0,96.0,22.0,23.0,19.0,33.0,31.0,37.0,24.0,52.0
LTU-RPD36AC2-W,LTU-RPD36AC2,White,LTU-RPD36AC2-W,0.0,0.0,0.0,0.0,0.0,0.0,0.0,0.0,0.0,0.0,37.0,16.0,53.0,76.0,98.0,57.0,68.0,71.0,94.0,57.0,110.0,86.0,21.0,27.0,18.0,5.0,4.0,17.0,6.0
LFS-3S-BKWP,LFS-3S,Black,LFS-3S-BKWP2P,46.0,16.0,40.0,34.0,50.0,22.0,36.0,30.0,24.0,66.0,78.0,50.0,52.0,28.0,44.0,52.0,40.0,32.0,30.0,32.0,30.0,32.0,108.0,38.0,98.0,32.0,192.0,46.0,28.0
LSWP-01M-GD,LSWP-01M,Gold,LSWP-01M-GD10P,10.0,20.0,30.0,40.0,30.0,40.0,30.0,50.0,70.0,70.0,50.0,50.0,80.0,80.0,40.0,10.0,80.0,40.0,30.0,0.0,10.0,30.0,90.0,40.0,60.0,50.0,30.0,70.0,140.0
LMWP-33M-AB,LMWP-33M,Antique Brass,LMWP-33M-AB,31.0,41.0,47.0,35.0,31.0,33.0,25.0,49.0,48.0,67.0,104.0,67.0,99.0,81.0,56.0,56.0,46.0,51.0,72.0,49.0,36.0,8.0,1.0,0.0,0.0,0.0,0.0,0.0,0.0
LSWP-31M-BSG,LSWP-31M,Space Gray,LSWP-31M-BSG,84.0,67.0,45.0,26.0,59.0,71.0,47.0,60.0,29.0,42.0,35.0,66.0,54.0,30.0,72.0,37.0,36.0,28.0,80.0,46.0,60.0,32.0,104.0,36.0,53.0,36.0,38.0,20.0,38.0
LMWP-21M-HB,LMWP-21M,Hammered Brass,LMWP-21M-HB,72.0,32.0,46.0,42.0,56.0,47.0,98.0,104.0,79.0,45.0,44.0,53.0,54.0,31.0,53.0,13.0,24.0,8.0,39.0,91.0,41.0,49.0,79.0,40.0,70.0,45.0,14.0,37.0,33.0
LMWP-01M-PB,LMWP-01M,Polished Brass,LMWP-01M-PB,67.0,56.0,50.0,45.0,40.0,46.0,47.0,57.0,39.0,50.0,64.0,45.0,40.0,58.0,24.0,21.0,21.0,33.0,17.0,60.0,56.0,77.0,120.0,74.0,80.0,52.0,51.0,16.0,34.0
LWP-34M-W,LWP-34M,White,LWP-34M-W,82.0,89.0,65.0,100.0,75.0,62.0,44.0,43.0,30.0,34.0,44.0,39.0,38.0,31.0,29.0,17.0,20.0,15.0,43.0,52.0,50.0,88.0,114.0,56.0,54.0,15.0,36.0,51.0,34.0
LR15-TR-I,LR15-TR,Ivory,"LR15-TR-I, LR15-TR-I10P, LR15-TR-I5P",85.0,18.0,26.0,34.0,17.0,22.0,27.0,37.0,28.0,38.0,27.0,18.0,20.0,22.0,25.0,24.0,12.0,34.0,54.0,24.0,87.0,140.0,197.0,87.0,66.0,103.0,75.0,54.0,0.0
LMWP-1121M-BB,LMWP-1121M,Brushed Brass,LMWP-1121M-BB,23.0,39.0,24.0,28.0,24.0,22.0,37.0,39.0,41.0,81.0,41.0,41.0,46.0,52.0,42.0,47.0,35.0,45.0,47.0,82.0,73.0,114.0,31.0,8.0,68.0,68.0,86.0,97.0,71.0
LMWP-12M-HAB,LMWP-12M,Hammered Antique Brass,LMWP-12M-HAB,17.0,24.0,33.0,39.0,25.0,32.0,52.0,30.0,37.0,46.0,84.0,80.0,92.0,79.0,50.0,30.0,30.0,28.0,48.0,94.0,47.0,104.0,132.0,59.0,8.0,27.0,42.0,53.0,39.0
LMWP-33M-SS,LMWP-33M,Stainless Steel,LMWP-33M-SS,34.0,73.0,26.0,44.0,52.0,63.0,80.0,70.0,41.0,102.0,66.0,32.0,104.0,67.0,41.0,28.0,58.0,58.0,49.0,77.0,38.0,59.0,11.0,1.0,36.0,34.0,51.0,49.0,24.0
LS15-4W-GD,LS15-4W,Gold,LS15-4W-GD,20.0,50.0,27.0,26.0,32.0,26.0,37.0,45.0,32.0,69.0,36.0,55.0,81.0,77.0,99.0,125.0,79.0,28.0,9.0,14.0,11.0,0.0,0.0,42.0,84.0,71.0,82.0,71.0,50.0
LS15-1P-BR,LS15-1P,Brown,LS15-1P-BR,47.0,49.0,30.0,46.0,39.0,26.0,33.0,24.0,24.0,39.0,57.0,24.0,54.0,56.0,121.0,54.0,46.0,79.0,45.0,58.0,1.0,0.0,0.0,20.0,44.0,64.0,138.0,103.0,58.0
LSWP-33M-LA,LSWP-33M,Light Almond,LSWP-33M-LA,38.0,38.0,47.0,31.0,67.0,45.0,19.0,57.0,42.0,54.0,41.0,48.0,58.0,32.0,54.0,40.0,46.0,14.0,29.0,33.0,66.0,76.0,116.0,51.0,85.0,54.0,83.0,81.0,101.0
LMWP-21M-PC,LMWP-21M,Polished Chrome,LMWP-21M-PC,34.0,60.0,87.0,116.0,45.0,59.0,97.0,36.0,65.0,59.0,80.0,49.0,63.0,48.0,44.0,40.0,28.0,20.0,56.0,74.0,48.0,61.0,74.0,40.0,40.0,40.0,45.0,41.0,39.0
LSWP-31M-AGD,LSWP-31M,Gold,LSWP-31M-AGD,86.0,119.0,64.0,78.0,58.0,70.0,75.0,101.0,40.0,103.0,107.0,60.0,21.0,49.0,30.0,59.0,34.0,66.0,21.0,35.0,20.0,46.0,101.0,59.0,25.0,31.0,14.0,21.0,15.0
LSWP-31M-SV,LSWP-31M,Silver,LSWP-31M-SV,6.0,61.0,42.0,133.0,62.0,120.0,141.0,45.0,96.0,97.0,50.0,65.0,27.0,7.0,85.0,39.0,40.0,15.0,35.0,35.0,34.0,40.0,71.0,47.0,58.0,54.0,40.0,67.0,22.0
LCS3-1P-WSWP,LCS3-1P,White,"LCS3-1P-WSWP, LCS3-1P-WSWP2P",68.0,66.0,104.0,97.0,91.0,61.0,65.0,51.0,27.0,51.0,63.0,48.0,43.0,41.0,32.0,18.0,21.0,26.0,23.0,28.0,40.0,71.0,77.0,79.0,82.0,47.0,71.0,99.0,54.0
LMWP-31M-AC,LMWP-31M,Antique Copper,LMWP-31M-AC,16.0,20.0,18.0,27.0,17.0,40.0,85.0,109.0,42.0,68.0,98.0,50.0,58.0,162.0,36.0,35.0,35.0,44.0,19.0,59.0,37.0,77.0,82.0,82.0,121.0,70.0,84.0,46.0,48.0
LMWP-21M-HAC,LMWP-21M,Hammered Antique Copper,LMWP-21M-HAC,3.0,8.0,7.0,21.0,17.0,30.0,67.0,96.0,62.0,58.0,44.0,52.0,90.0,47.0,29.0,33.0,36.0,28.0,73.0,60.0,48.0,120.0,191.0,123.0,129.0,58.0,41.0,88.0,64.0
LS15E-3W-BK,LS15E-3W,Black,LS15E-3W-BK10P,0.0,0.0,30.0,100.0,170.0,90.0,230.0,80.0,30.0,70.0,130.0,50.0,50.0,10.0,40.0,10.0,0.0,20.0,20.0,0.0,40.0,30.0,20.0,40.0,50.0,80.0,10.0,40.0,80.0
LMWP-13M-PB,LMWP-13M,Polished Brass,LMWP-13M-PB,82.0,76.0,98.0,76.0,63.0,64.0,105.0,85.0,74.0,73.0,126.0,88.0,64.0,51.0,39.0,35.0,28.0,34.0,27.0,47.0,51.0,70.0,109.0,67.0,54.0,37.0,27.0,19.0,18.0
LSMWP-32M-BB,LSMWP-32M,Brushed Brass,LSMWP-32M-BB,62.0,39.0,58.0,53.0,34.0,3.0,0.0,4.0,38.0,31.0,66.0,62.0,86.0,77.0,82.0,50.0,38.0,57.0,46.0,82.0,66.0,139.0,157.0,68.0,66.0,68.0,70.0,70.0,58.0
LMWP-12M-AB,LMWP-12M,Antique Brass,LMWP-12M-AB,76.0,88.0,62.0,60.0,27.0,24.0,55.0,51.0,59.0,33.0,103.0,99.0,130.0,80.0,64.0,53.0,49.0,55.0,101.0,98.0,94.0,120.0,18.0,2.0,1.0,0.0,0.0,0.0,8.0
LMWP-32M-SS,LMWP-32M,Stainless Steel,LMWP-32M-SS,77.0,57.0,48.0,63.0,46.0,68.0,57.0,86.0,92.0,92.0,91.0,66.0,81.0,61.0,56.0,42.0,40.0,35.0,47.0,62.0,42.0,64.0,79.0,65.0,79.0,61.0,56.0,73.0,27.0
LSWP-32M-BBK,LSWP-32M,Brushed Black,"LSWP-32M-BBK, LSWP-32M-BBK10P",60.0,100.0,30.0,60.0,80.0,60.0,40.0,60.0,80.0,100.0,60.0,50.0,30.0,100.0,60.0,40.0,22.0,88.0,55.0,95.0,29.0,99.0,94.0,63.0,60.0,52.0,29.0,77.0,43.0
LCS3-1P-BKSWP,LCS3-1P,Black,"LCS3-1P-BKSWP, LCS3-1P-BKSWP2P",46.0,41.0,48.0,47.0,20.0,24.0,46.0,40.0,41.0,76.0,144.0,59.0,125.0,94.0,60.0,70.0,97.0,48.0,42.0,50.0,60.0,82.0,115.0,66.0,77.0,49.0,47.0,75.0,40.0
LSWP-02M-W,LSWP-02M,White,LSWP-02M-W10P,90.0,60.0,60.0,100.0,160.0,50.0,80.0,40.0,90.0,100.0,130.0,70.0,50.0,80.0,140.0,20.0,40.0,60.0,30.0,40.0,0.0,30.0,60.0,20.0,20.0,30.0,50.0,60.0,10.0
LCS2-1P-GDSWP,LCS2-1P,Gold,"LCS2-1P-GDSWP, LCS2-1P-GDSWP2P",30.0,72.0,56.0,68.0,95.0,48.0,64.0,54.0,60.0,85.0,71.0,75.0,73.0,64.0,72.0,66.0,56.0,34.0,41.0,59.0,78.0,73.0,102.0,78.0,55.0,45.0,71.0,87.0,53.0
LSWP-32M-BR,LSWP-32M,Brown,"LSWP-32M-BR, LSWP-32M-BR10P",38.0,59.0,40.0,55.0,45.0,61.0,44.0,37.0,28.0,69.0,74.0,64.0,32.0,66.0,89.0,45.0,59.0,72.0,40.0,49.0,81.0,163.0,214.0,89.0,3.0,49.0,89.0,97.0,56.0
LHS-F-G-WWP,LHS-F,White,LHS-F-G-WWP,0.0,0.0,6.0,70.0,114.0,89.0,242.0,28.0,32.0,56.0,119.0,93.0,94.0,62.0,66.0,84.0,97.0,47.0,37.0,52.0,36.0,51.0,82.0,34.0,51.0,27.0,65.0,36.0,21.0
LR20-TR-W,LR20-TR,White,"LR20-TR-W, LR20-TR-W5P",67.0,154.0,54.0,41.0,45.0,38.0,112.0,79.0,74.0,83.0,94.0,43.0,32.0,56.0,39.0,78.0,47.0,58.0,32.0,34.0,44.0,61.0,58.0,57.0,42.0,178.0,102.0,102.0,65.0
LTU-PD65AC2-BK,LTU-PD65AC2,Black,LTU-PD65AC2-BK,0.0,0.0,0.0,0.0,0.0,0.0,0.0,0.0,0.0,0.0,33.0,9.0,105.0,121.0,311.0,104.0,76.0,105.0,104.0,55.0,55.0,25.0,47.0,26.0,27.0,23.0,16.0,38.0,11.0
LWP-01O-ASV,LWP-01O,Acrylic Silver,"LWP-01O-ASV, LWP-01O-ASV5P",85.0,86.0,82.0,97.0,63.0,81.0,74.0,81.0,70.0,109.0,94.0,87.0,76.0,98.0,123.0,85.0,66.0,35.0,40.0,25.0,13.0,6.0,10.0,0.0,0.0,0.0,0.0,0.0,0.0
LWP-11O-ASV,LWP-11O,Acrylic Silver,"LWP-11O-ASV, LWP-11O-ASV5P",103.0,101.0,133.0,110.0,113.0,90.0,92.0,100.0,86.0,88.0,83.0,77.0,96.0,67.0,109.0,62.0,70.0,52.0,50.0,49.0,27.0,52.0,29.0,15.0,28.0,43.0,50.0,40.0,33.0
LU-6A3C2-WWP,LU-6A3C2,White,LU-6A3C2-WWP,43.0,2.0,0.0,0.0,13.0,65.0,73.0,60.0,46.0,86.0,111.0,57.0,53.0,49.0,63.0,35.0,38.0,47.0,88.0,101.0,132.0,137.0,108.0,123.0,104.0,50.0,102.0,78.0,64.0
LDS-PL-W,LDS-PL,White,LDS-PL-W,267.0,233.0,69.0,19.0,32.0,36.0,49.0,71.0,68.0,82.0,97.0,79.0,32.0,42.0,43.0,34.0,23.0,28.0,25.0,35.0,31.0,52.0,84.0,121.0,99.0,120.0,124.0,85.0,37.0
LCS1-1PTR-W,LCS1-1PTR,White,LCS1-1PTR-W,104.0,79.0,69.0,30.0,29.0,42.0,103.0,59.0,72.0,98.0,163.0,110.0,83.0,49.0,69.0,70.0,96.0,105.0,97.0,67.0,106.0,123.0,56.0,89.0,50.0,18.0,28.0,34.0,22.0
LSWP-01M-LA,LSWP-01M,Light Almond,LSWP-01M-LA10P,40.0,40.0,110.0,190.0,70.0,190.0,30.0,40.0,50.0,30.0,50.0,150.0,130.0,50.0,80.0,70.0,40.0,70.0,40.0,50.0,70.0,180.0,50.0,40.0,90.0,30.0,60.0,60.0,20.0
LMWP-11M-HAB,LMWP-11M,Hammered Antique Brass,LMWP-11M-HAB,39.0,49.0,75.0,56.0,39.0,69.0,106.0,61.0,77.0,79.0,118.0,86.0,215.0,165.0,99.0,59.0,40.0,70.0,54.0,41.0,0.0,101.0,159.0,55.0,5.0,28.0,38.0,58.0,36.0
LWP-34M-BK,LWP-34M,Black,LWP-34M-BK,67.0,85.0,73.0,83.0,83.0,66.0,104.0,98.0,97.0,28.0,132.0,114.0,142.0,133.0,147.0,179.0,120.0,52.0,1.0,0.0,0.0,2.0,39.0,39.0,47.0,16.0,22.0,43.0,21.0
LWP-31O-AGD,LWP-31O,Acrylic Gold,"LWP-31O-AGD, LWP-31O-AGD5P",96.0,77.0,90.0,37.0,154.0,79.0,81.0,47.0,84.0,80.0,72.0,40.0,90.0,49.0,128.0,130.0,41.0,45.0,25.0,84.0,47.0,63.0,135.0,80.0,95.0,96.0,59.0,79.0,11.0
LWP-32O-ASV,LWP-32O,Acrylic Silver,"LWP-32O-ASV, LWP-32O-ASV5P",102.0,103.0,125.0,84.0,120.0,73.0,112.0,61.0,76.0,119.0,63.0,77.0,62.0,67.0,107.0,82.0,82.0,69.0,42.0,69.0,68.0,69.0,76.0,86.0,78.0,53.0,48.0,20.0,5.0
LMWP-11M-SS,LMWP-11M,Stainless Steel,LMWP-11M-SS,111.0,99.0,173.0,56.0,51.0,50.0,74.0,73.0,57.0,63.0,68.0,34.0,29.0,28.0,37.0,25.0,39.0,47.0,26.0,102.0,97.0,157.0,195.0,127.0,130.0,121.0,98.0,67.0,26.0
LSWP-32M-BNK,LSWP-32M,Brushed Nickel,LSWP-32M-BNK,48.0,77.0,88.0,84.0,64.0,66.0,72.0,95.0,66.0,75.0,71.0,54.0,90.0,38.0,65.0,104.0,88.0,75.0,51.0,75.0,78.0,81.0,126.0,81.0,103.0,79.0,77.0,141.0,60.0
LSWP-32M-BW,LSWP-32M,Brushed White,"LSWP-32M-BW, LSWP-32M-BW10P",130.0,120.0,50.0,50.0,70.0,80.0,90.0,100.0,90.0,80.0,130.0,110.0,55.0,48.0,84.0,73.0,31.0,31.0,77.0,69.0,86.0,87.0,102.0,72.0,94.0,80.0,77.0,58.0,75.0
LCS2-1P-W,LCS2-1P,White,LCS2-1P-W,120.0,121.0,140.0,90.0,77.0,66.0,97.0,78.0,76.0,78.0,108.0,77.0,98.0,55.0,82.0,67.0,41.0,59.0,62.0,75.0,79.0,113.0,121.0,72.0,59.0,56.0,92.0,60.0,22.0
LSWP-31M-BGY,LSWP-31M,Brushed Gray,"LSWP-31M-BGY, LSWP-31M-BGY10P",0.0,30.0,60.0,40.0,70.0,10.0,50.0,50.0,50.0,240.0,120.0,70.0,30.0,50.0,90.0,140.0,70.0,50.0,60.0,110.0,30.0,220.0,210.0,10.0,176.0,46.0,44.0,93.0,42.0
LMWP-31M-HAB,LMWP-31M,Hammered Antique Brass,LMWP-31M-HAB,46.0,89.0,73.0,73.0,66.0,154.0,53.0,72.0,70.0,90.0,74.0,93.0,101.0,102.0,94.0,70.0,40.0,44.0,70.0,95.0,49.0,117.0,172.0,66.0,90.0,91.0,47.0,68.0,78.0
LSWP-31M-BSV,LSWP-31M,Brushed Silver,LSWP-31M-BSV,42.0,89.0,72.0,133.0,69.0,61.0,68.0,84.0,101.0,140.0,160.0,72.0,49.0,63.0,91.0,90.0,74.0,63.0,63.0,91.0,82.0,123.0,142.0,90.0,76.0,103.0,68.0,33.0,76.0
LS15-3W-GY,LS15-3W,Gray,"LS15-3W-GY, LS15-3W-GY5P",79.0,111.0,133.0,120.0,157.0,92.0,85.0,81.0,55.0,117.0,62.0,72.0,89.0,112.0,104.0,120.0,70.0,79.0,49.0,43.0,97.0,58.0,150.0,95.0,103.0,47.0,32.0,68.0,69.0
