排名,SKU组,包含SKU,类别,型号,颜色,状态,PackSize,2024月销_单只,2025月销_单只,2026_1-5月销_单只,全期月销_单只,2024合计_单只,2025合计_单只,2026_1-5合计_单只,有销售月份_29,排除0销量月份,最高单月销量_单只,同型号最佳颜色,同型号最佳SKU组,同型号最佳全期月销_单只,同型号最佳2024月销_单只,同型号最佳2025月销_单只,同型号最佳2026_1-5月销_单只,对比说明
1,LSWP-02M-ASV,LSWP-02M-ASV,Screwless Wall Plate,LSWP-02M,Silver,Active,1,1.9,1.4,1.0,1.6,17.0,13.0,2.0,20,9,5.0,White,LSWP-02M-W,63.2,85.8,51.8,34.0,候选 Silver 全期月销 1.6；同型号最佳 White 月销 63.2
2,LCS1-1PTR-SG,LCS1-1PTR-SG,Combination Switch,LCS1-1PTR,Space Gray,Active,1,1.7,2.0,1.0,1.6,10.0,16.0,5.0,19,10,5.0,White,LCS1-1PTR-WSWP,105.3,180.1,66.2,19.4,候选 Space Gray 全期月销 1.6；同型号最佳 White 月销 105.3
3,LCS3-1P-ISWP,LCS3-1P-ISWP,Combination Switch,LCS3-1P,Ivory,Active,1,1.7,1.6,3.0,1.8,12.0,14.0,9.0,19,10,4.0,Black,LCS3-1P-BKSWP,63.1,52.7,75.8,57.6,候选 Ivory 全期月销 1.8；同型号最佳 Black 月销 63.1
4,LMWP-02M-HAB,LMWP-02M-HAB,Metal Wall Plate,LMWP-02M,Hammered Antique Brass,Active,1,2.2,1.5,2.2,1.9,20.0,17.0,11.0,25,4,4.0,Antique Brass,LMWP-02M-AB,11.0,7.2,10.1,16.0,候选 Hammered Antique Brass 全期月销 1.9；同型号最佳 Antique Brass 月销 11.0
5,LMWP-34M-HC,LMWP-34M-HC,Metal Wall Plate,LMWP-34M,Hammered Chrome,Active,1,2.0,2.0,1.5,1.9,16.0,16.0,3.0,18,11,5.0,Brushed Brass,LMWP-34M-BB,38.3,38.0,34.5,48.4,候选 Hammered Chrome 全期月销 1.9；同型号最佳 Brushed Brass 月销 38.3
6,LMWP-22M-HB,LMWP-22M-HB,Metal Wall Plate,LMWP-22M,Hammered Brass,Active,1,2.3,1.9,1.0,2.0,25.0,17.0,2.0,22,7,6.0,Stainless Steel,LMWP-22M-SS,39.4,41.3,42.1,25.8,候选 Hammered Brass 全期月销 2.0；同型号最佳 Stainless Steel 月销 39.4
7,LWP-32O-AGR,LWP-32O-AGR,Wall Plate,LWP-32O,Acrylic Green,Inactive,1,2.6,1.6,1.5,2.0,23.0,14.0,3.0,20,9,5.0,Acrylic Silver,LWP-32O-ASV,75.8,92.9,73.2,40.8,候选 Acrylic Green 全期月销 2.0；同型号最佳 Acrylic Silver 月销 75.8
8,LMWP-34M-HB,LMWP-34M-HB,Metal Wall Plate,LMWP-34M,Hammered Brass,Active,1,2.3,1.9,2.0,2.1,16.0,13.0,8.0,18,11,4.0,Brushed Brass,LMWP-34M-BB,38.3,38.0,34.5,48.4,候选 Hammered Brass 全期月销 2.1；同型号最佳 Brushed Brass 月销 38.3
9,LWP-12O-AGR,LWP-12O-AGR,Wall Plate,LWP-12O,Acrylic Green,Inactive,1,2.5,1.6,2.2,2.1,20.0,13.0,9.0,20,9,5.0,Acrylic Silver,LWP-12O-ASV,35.6,57.3,23.4,12.4,候选 Acrylic Green 全期月销 2.1；同型号最佳 Acrylic Silver 月销 35.6
10,LCS2-1P-ISWP,LCS2-1P-ISWP,Combination Switch,LCS2-1P,Ivory,Active,1,2.2,1.5,2.5,2.1,22.0,6.0,10.0,18,11,6.0,Black,LCS2-1P-BK,235.8,183.2,264.5,293.2,候选 Ivory 全期月销 2.1；同型号最佳 Black 月销 235.8
11,LWP-01O-ARD,"LWP-01O-ARD, LWP-01O-ARD5P",Wall Plate,LWP-01O,Acrylic Red,Inactive,"1, 5",2.1,1.8,3.5,2.1,17.0,14.0,7.0,18,11,8.0,Acrylic Silver,LWP-01O-ASV,69.0,84.1,52.5,0.0,候选 Acrylic Red 全期月销 2.1；同型号最佳 Acrylic Silver 月销 69.0
12,LCS1-1PTR-NK,LCS1-1PTR-NK,Combination Switch,LCS1-1PTR,Nickel,Active,1,1.8,2.6,2.7,2.3,14.0,21.0,8.0,19,10,9.0,White,LCS1-1PTR-WSWP,105.3,180.1,66.2,19.4,候选 Nickel 全期月销 2.3；同型号最佳 White 月销 105.3
13,LWP-1131O-ARG,"LWP-1131O-ARG, LWP-1131O-ARG5P",Wall Plate,LWP-1131O,Rose Gold,"Active, Inactive","1, 5",1.6,3.0,2.5,2.3,14.0,27.0,5.0,20,9,8.0,Acrylic Silver,LWP-1131O-ASV,19.1,22.8,20.2,7.2,候选 Rose Gold 全期月销 2.3；同型号最佳 Acrylic Silver 月销 19.1
14,LSWP-01M-AGD,LSWP-01M-AGD,Screwless Wall Plate,LSWP-01M,Gold,Active,1,1.9,3.0,2.0,2.3,19.0,21.0,4.0,19,10,6.0,White,LSWP-01M-W,736.7,1066.2,547.2,400.6,候选 Gold 全期月销 2.3；同型号最佳 White 月销 736.7
15,LWP-34O-ABK,"LWP-34O-ABK, LWP-34O-ABK5P",Wall Plate,LWP-34O,Acrylic Black,"Active, Inactive","1, 5",2.3,2.6,1.7,2.4,21.0,26.0,5.0,22,7,9.0,Acrylic Silver,LWP-34O-ASV,16.2,20.6,13.8,11.6,候选 Acrylic Black 全期月销 2.4；同型号最佳 Acrylic Silver 月销 16.2
16,LSMWP-02M-PB,LSMWP-02M-PB,Metal Wall Plate,LSMWP-02M,Polished Brass,Inactive,1,1.6,2.5,3.0,2.4,8.0,25.0,12.0,19,10,5.0,Stainless Steel,LSMWP-02M-SS,23.4,27.1,18.9,25.6,候选 Polished Brass 全期月销 2.4；同型号最佳 Stainless Steel 月销 23.4
17,LMWP-41M-HC,LMWP-41M-HC,Metal Wall Plate,LMWP-41M,Hammered Chrome,Active,1,2.6,2.3,2.0,2.5,29.0,16.0,2.0,19,10,6.0,Brushed Brass,LMWP-41M-BB,42.3,23.6,42.0,61.8,候选 Hammered Chrome 全期月销 2.5；同型号最佳 Brushed Brass 月销 42.3
18,LCS3-1P-GY,LCS3-1P-GY,Combination Switch,LCS3-1P,Gray,Active,1,2.1,3.0,2.0,2.5,17.0,33.0,8.0,23,6,6.0,Black,LCS3-1P-BKSWP,63.1,52.7,75.8,57.6,候选 Gray 全期月销 2.5；同型号最佳 Black 月销 63.1
19,LWP-32O-ARD,LWP-32O-ARD,Wall Plate,LWP-32O,Acrylic Red,Inactive,1,2.0,3.2,2.8,2.5,18.0,19.0,14.0,20,9,7.0,Acrylic Silver,LWP-32O-ASV,75.8,92.9,73.2,40.8,候选 Acrylic Red 全期月销 2.5；同型号最佳 Acrylic Silver 月销 75.8
20,LS15-4W-I,LS15-4W-I,Light Switch,LS15-4W,Ivory,Active,1,2.7,3.1,1.5,2.6,27.0,25.0,6.0,22,7,8.0,Black,LS15-4W-BK,200.6,246.8,175.7,149.2,候选 Ivory 全期月销 2.6；同型号最佳 Black 月销 200.6
21,LCS3-1P-I,LCS3-1P-I,Combination Switch,LCS3-1P,Ivory,Active,1,3.0,3.0,1.3,2.7,15.0,30.0,4.0,18,11,6.0,Black,LCS3-1P-BKSWP,63.1,52.7,75.8,57.6,候选 Ivory 全期月销 2.7；同型号最佳 Black 月销 63.1
22,LSMWP-01M-BRG,LSMWP-01M-BRG,Metal Wall Plate,LSMWP-01M,Brushed Rose Gold,Inactive,1,5.0,1.2,1.8,2.7,40.0,11.0,9.0,22,7,22.0,Stainless Steel,LSMWP-01M-SS,25.1,29.4,21.0,24.4,候选 Brushed Rose Gold 全期月销 2.7；同型号最佳 Stainless Steel 月销 25.1
23,LWP-01O-ARG,"LWP-01O-ARG, LWP-01O-ARG5P",Wall Plate,LWP-01O,Rose Gold,"Active, Inactive","1, 5",3.8,2.1,2.3,2.8,30.0,17.0,7.0,19,10,9.0,Acrylic Silver,LWP-01O-ASV,69.0,84.1,52.5,0.0,候选 Rose Gold 全期月销 2.8；同型号最佳 Acrylic Silver 月销 69.0
24,LMWP-02M-HAC,LMWP-02M-HAC,Metal Wall Plate,LMWP-02M,Hammered Antique Copper,Active,1,3.4,2.8,2.0,2.9,34.0,22.0,10.0,23,6,6.0,Antique Brass,LMWP-02M-AB,11.0,7.2,10.1,16.0,候选 Hammered Antique Copper 全期月销 2.9；同型号最佳 Antique Brass 月销 11.0
25,LMWP-33M-HC,LMWP-33M-HC,Metal Wall Plate,LMWP-33M,Hammered Chrome,Active,1,2.5,3.2,3.2,2.9,27.0,35.0,16.0,27,2,7.0,Brushed Brass,LMWP-33M-BB,105.1,99.9,106.2,115.2,候选 Hammered Chrome 全期月销 2.9；同型号最佳 Brushed Brass 月销 105.1
26,LSMWP-02M-PC,LSMWP-02M-PC,Metal Wall Plate,LSMWP-02M,Polished Chrome,Active,1,2.2,1.8,8.2,2.9,24.0,22.0,33.0,27,2,20.0,Stainless Steel,LSMWP-02M-SS,23.4,27.1,18.9,25.6,候选 Polished Chrome 全期月销 2.9；同型号最佳 Stainless Steel 月销 23.4
27,LMWP-22M-HC,LMWP-22M-HC,Metal Wall Plate,LMWP-22M,Hammered Chrome,Active,1,3.4,2.2,4.2,3.0,27.0,24.0,17.0,23,6,7.0,Stainless Steel,LMWP-22M-SS,39.4,41.3,42.1,25.8,候选 Hammered Chrome 全期月销 3.0；同型号最佳 Stainless Steel 月销 39.4
28,LMWP-14M-HC,LMWP-14M-HC,Metal Wall Plate,LMWP-14M,Hammered Chrome,Active,1,2.1,4.1,1.5,3.0,19.0,49.0,6.0,25,4,11.0,Brushed Brass,LMWP-14M-BB,39.4,24.6,48.1,54.2,候选 Hammered Chrome 全期月销 3.0；同型号最佳 Brushed Brass 月销 39.4
29,LSMWP-01M-PB,LSMWP-01M-PB,Metal Wall Plate,LSMWP-01M,Polished Brass,Inactive,1,2.8,2.9,3.4,3.0,25.0,32.0,17.0,25,4,7.0,Stainless Steel,LSMWP-01M-SS,25.1,29.4,21.0,24.4,候选 Polished Brass 全期月销 3.0；同型号最佳 Stainless Steel 月销 25.1
30,LCS1-1PTR-GY,LCS1-1PTR-GY,Combination Switch,LCS1-1PTR,Gray,Active,1,3.0,3.1,2.6,3.0,36.0,34.0,13.0,28,1,7.0,White,LCS1-1PTR-WSWP,105.3,180.1,66.2,19.4,候选 Gray 全期月销 3.0；同型号最佳 White 月销 105.3
31,LCS1-1PTR-ISWP,LCS1-1PTR-ISWP,Combination Switch,LCS1-1PTR,Ivory,Active,1,3.0,3.6,1.3,3.1,33.0,40.0,4.0,25,4,8.0,White,LCS1-1PTR-WSWP,105.3,180.1,66.2,19.4,候选 Ivory 全期月销 3.1；同型号最佳 White 月销 105.3
32,LCS1-1PTR-SVSWP,LCS1-1PTR-SVSWP,Combination Switch,LCS1-1PTR,Silver,Active,1,3.8,3.1,1.0,3.2,45.0,34.0,3.0,26,3,10.0,White,LCS1-1PTR-WSWP,105.3,180.1,66.2,19.4,候选 Silver 全期月销 3.2；同型号最佳 White 月销 105.3
33,LMWP-41M-HB,LMWP-41M-HB,Metal Wall Plate,LMWP-41M,Hammered Brass,Active,1,4.0,2.6,1.7,3.2,44.0,18.0,5.0,21,8,8.0,Brushed Brass,LMWP-41M-BB,42.3,23.6,42.0,61.8,候选 Hammered Brass 全期月销 3.2；同型号最佳 Brushed Brass 月销 42.3
34,LSWP-34M-SV,LSWP-34M-SV,Screwless Wall Plate,LSWP-34M,Silver,Active,1,3.7,2.1,5.3,3.2,44.0,23.0,16.0,26,3,11.0,White,LSWP-34M-W,654.7,740.4,614.6,545.0,候选 Silver 全期月销 3.2；同型号最佳 White 月销 654.7
35,LWP-01O-ABK,"LWP-01O-ABK, LWP-01O-ABK5P",Wall Plate,LWP-01O,Acrylic Black,"Active, Inactive","1, 5",4.4,2.5,1.7,3.2,44.0,28.0,5.0,24,5,11.0,Acrylic Silver,LWP-01O-ASV,69.0,84.1,52.5,0.0,候选 Acrylic Black 全期月销 3.2；同型号最佳 Acrylic Silver 月销 69.0
36,LCS2-1P-I,LCS2-1P-I,Combination Switch,LCS2-1P,Ivory,Active,1,3.6,3.1,2.7,3.2,29.0,34.0,8.0,22,7,10.0,Black,LCS2-1P-BK,235.8,183.2,264.5,293.2,候选 Ivory 全期月销 3.2；同型号最佳 Black 月销 235.8
37,LWP-12O-ARD,"LWP-12O-ARD, LWP-12O-ARD5P",Wall Plate,LWP-12O,Acrylic Red,Inactive,"1, 5",4.1,3.1,2.0,3.3,33.0,34.0,8.0,23,6,12.0,Acrylic Silver,LWP-12O-ASV,35.6,57.3,23.4,12.4,候选 Acrylic Red 全期月销 3.3；同型号最佳 Acrylic Silver 月销 35.6
38,LCS3-1P-LA,LCS3-1P-LA,Combination Switch,LCS3-1P,Light Almond,Active,1,2.5,3.3,4.8,3.3,28.0,20.0,24.0,22,7,9.0,Black,LCS3-1P-BKSWP,63.1,52.7,75.8,57.6,候选 Light Almond 全期月销 3.3；同型号最佳 Black 月销 63.1
39,LSWP-01M-ASV,LSWP-01M-ASV,Screwless Wall Plate,LSWP-01M,Silver,Active,1,3.5,3.2,2.5,3.3,39.0,32.0,5.0,23,6,10.0,White,LSWP-01M-W,736.7,1066.2,547.2,400.6,候选 Silver 全期月销 3.3；同型号最佳 White 月销 736.7
40,LWP-33O-ARG,"LWP-33O-ARG, LWP-33O-ARG5P",Wall Plate,LWP-33O,Rose Gold,"Active, Inactive","1, 5",4.6,2.7,3.0,3.4,41.0,32.0,12.0,25,4,13.0,Acrylic Silver,LWP-33O-ASV,38.7,42.8,34.3,0.0,候选 Rose Gold 全期月销 3.4；同型号最佳 Acrylic Silver 月销 38.7
41,LSMWP-01M-PC,LSMWP-01M-PC,Metal Wall Plate,LSMWP-01M,Polished Chrome,Active,1,3.0,4.0,3.2,3.4,30.0,36.0,16.0,24,5,11.0,Stainless Steel,LSMWP-01M-SS,25.1,29.4,21.0,24.4,候选 Polished Chrome 全期月销 3.4；同型号最佳 Stainless Steel 月销 25.1
42,LMWP-01M-HC,LMWP-01M-HC,Metal Wall Plate,LMWP-01M,Hammered Chrome,Active,1,5.4,2.2,1.6,3.4,59.0,22.0,8.0,26,3,13.0,Stainless Steel,LMWP-01M-SS-,269.8,162.5,220.4,646.0,候选 Hammered Chrome 全期月销 3.4；同型号最佳 Stainless Steel 月销 269.8
43,LMWP-14M-HB,LMWP-14M-HB,Metal Wall Plate,LMWP-14M,Hammered Brass,Active,1,3.5,4.0,1.5,3.4,42.0,48.0,6.0,28,1,13.0,Brushed Brass,LMWP-14M-BB,39.4,24.6,48.1,54.2,候选 Hammered Brass 全期月销 3.4；同型号最佳 Brushed Brass 月销 39.4
44,LCS3-1P-SVSWP,LCS3-1P-SVSWP,Combination Switch,LCS3-1P,Silver,Active,1,3.5,3.8,2.6,3.4,35.0,45.0,13.0,27,2,10.0,Black,LCS3-1P-BKSWP,63.1,52.7,75.8,57.6,候选 Silver 全期月销 3.4；同型号最佳 Black 月销 63.1
45,LWP-12O-ABL,LWP-12O-ABL,Wall Plate,LWP-12O,Acrylic Blue,Active,1,4.2,3.7,1.8,3.6,51.0,44.0,9.0,29,0,10.0,Acrylic Silver,LWP-12O-ASV,35.6,57.3,23.4,12.4,候选 Acrylic Blue 全期月销 3.6；同型号最佳 Acrylic Silver 月销 35.6
46,LMWP-22M-PC,LMWP-22M-PC,Metal Wall Plate,LMWP-22M,Polished Chrome,Active,1,3.5,3.0,5.0,3.6,39.0,33.0,25.0,27,2,10.0,Stainless Steel,LMWP-22M-SS,39.4,41.3,42.1,25.8,候选 Polished Chrome 全期月销 3.6；同型号最佳 Stainless Steel 月销 39.4
47,LCS3-1P-NK,LCS3-1P-NK,Combination Switch,LCS3-1P,Nickel,Active,1,2.4,3.5,7.0,3.7,17.0,39.0,21.0,21,8,11.0,Black,LCS3-1P-BKSWP,63.1,52.7,75.8,57.6,候选 Nickel 全期月销 3.7；同型号最佳 Black 月销 63.1
48,LWP-12O-ABK,"LWP-12O-ABK, LWP-12O-ABK5P",Wall Plate,LWP-12O,Acrylic Black,"Active, Inactive","1, 5",4.6,3.0,3.0,3.7,46.0,30.0,12.0,24,5,8.0,Acrylic Silver,LWP-12O-ASV,35.6,57.3,23.4,12.4,候选 Acrylic Black 全期月销 3.7；同型号最佳 Acrylic Silver 月销 35.6
49,LR15-4TR-BKWP,LR15-4TR-BKWP2P,Receptacle,LR15-4TR,Black,Active,2,4.2,3.8,2.7,3.8,34.0,30.0,8.0,19,10,10.0,White,LR15-4TR-WWP,19.1,26.0,15.0,12.2,候选 Black 全期月销 3.8；同型号最佳 White 月销 19.1
50,LMWP-01M-HB,LMWP-01M-HB,Metal Wall Plate,LMWP-01M,Hammered Brass,Active,1,4.6,3.0,3.2,3.8,51.0,24.0,16.0,24,5,11.0,Stainless Steel,LMWP-01M-SS-,269.8,162.5,220.4,646.0,候选 Hammered Brass 全期月销 3.8；同型号最佳 Stainless Steel 月销 269.8
51,LCS1-1PTR-SGSWP,LCS1-1PTR-SGSWP,Combination Switch,LCS1-1PTR,Space Gray,Active,1,4.6,3.7,2.6,3.9,51.0,44.0,13.0,28,1,12.0,White,LCS1-1PTR-WSWP,105.3,180.1,66.2,19.4,候选 Space Gray 全期月销 3.9；同型号最佳 White 月销 105.3
52,LMWP-22M-HAC,LMWP-22M-HAC,Metal Wall Plate,LMWP-22M,Hammered Antique Copper,Inactive,1,2.5,4.0,4.6,3.9,10.0,48.0,23.0,21,8,8.0,Stainless Steel,LMWP-22M-SS,39.4,41.3,42.1,25.8,候选 Hammered Antique Copper 全期月销 3.9；同型号最佳 Stainless Steel 月销 39.4
53,LMWP-22M-AC,LMWP-22M-AC,Metal Wall Plate,LMWP-22M,Antique Copper,Inactive,1,3.0,5.0,3.5,3.9,30.0,45.0,14.0,23,6,11.0,Stainless Steel,LMWP-22M-SS,39.4,41.3,42.1,25.8,候选 Antique Copper 全期月销 3.9；同型号最佳 Stainless Steel 月销 39.4
54,LCS3-1P-SGSWP,LCS3-1P-SGSWP,Combination Switch,LCS3-1P,Space Gray,Active,1,2.6,5.4,4.0,4.0,31.0,65.0,20.0,29,0,10.0,Black,LCS3-1P-BKSWP,63.1,52.7,75.8,57.6,候选 Space Gray 全期月销 4.0；同型号最佳 Black 月销 63.1
55,LWP-11O-AGR,"LWP-11O-AGR, LWP-11O-AGR5P",Wall Plate,LWP-11O,Acrylic Green,Inactive,"1, 5",4.0,4.5,3.0,4.0,48.0,54.0,15.0,29,0,11.0,Acrylic Silver,LWP-11O-ASV,70.6,98.0,56.5,38.8,候选 Acrylic Green 全期月销 4.0；同型号最佳 Acrylic Silver 月销 70.6
56,LMWP-14M-AC,LMWP-14M-AC,Metal Wall Plate,LMWP-14M,Antique Copper,Active,1,3.0,4.2,5.8,4.0,30.0,46.0,29.0,26,3,13.0,Brushed Brass,LMWP-14M-BB,39.4,24.6,48.1,54.2,候选 Antique Copper 全期月销 4.0；同型号最佳 Brushed Brass 月销 39.4
57,LSMWP-32M-PRG,LSMWP-32M-PRG,Metal Wall Plate,LSMWP-32M,Polished Rose Gold,Active,1,4.6,4.1,3.0,4.1,51.0,49.0,15.0,28,1,13.0,Brushed Brass,LSMWP-32M-BB,61.8,40.9,79.0,66.4,候选 Polished Rose Gold 全期月销 4.1；同型号最佳 Brushed Brass 月销 61.8
58,LMWP-34M-HAB,LMWP-34M-HAB,Metal Wall Plate,LMWP-34M,Hammered Antique Brass,Active,1,3.3,4.4,5.0,4.1,33.0,53.0,25.0,27,2,10.0,Brushed Brass,LMWP-34M-BB,38.3,38.0,34.5,48.4,候选 Hammered Antique Brass 全期月销 4.1；同型号最佳 Brushed Brass 月销 38.3
59,LCS3-1P-GYSWP,LCS3-1P-GYSWP,Combination Switch,LCS3-1P,Gray,Active,1,3.5,4.5,4.8,4.1,38.0,45.0,24.0,26,3,10.0,Black,LCS3-1P-BKSWP,63.1,52.7,75.8,57.6,候选 Gray 全期月销 4.1；同型号最佳 Black 月销 63.1
60,LCS2-1P-SV,LCS2-1P-SV,Combination Switch,LCS2-1P,Silver,Active,1,3.7,4.2,5.4,4.2,44.0,46.0,27.0,28,1,8.0,Black,LCS2-1P-BK,235.8,183.2,264.5,293.2,候选 Silver 全期月销 4.2；同型号最佳 Black 月销 235.8
61,LMWP-02M-PB,LMWP-02M-PB,Metal Wall Plate,LMWP-02M,Polished Brass,Active,1,3.0,4.1,5.4,4.2,12.0,41.0,27.0,19,10,10.0,Antique Brass,LMWP-02M-AB,11.0,7.2,10.1,16.0,候选 Polished Brass 全期月销 4.2；同型号最佳 Antique Brass 月销 11.0
62,LCS3-1P-SG,LCS3-1P-SG,Combination Switch,LCS3-1P,Space Gray,Active,1,2.0,6.2,3.4,4.3,16.0,75.0,17.0,25,4,19.0,Black,LCS3-1P-BKSWP,63.1,52.7,75.8,57.6,候选 Space Gray 全期月销 4.3；同型号最佳 Black 月销 63.1
63,LMWP-1121M-HB,LMWP-1121M-HB,Metal Wall Plate,LMWP-1121M,Hammered Brass,Active,1,3.6,4.3,6.0,4.3,36.0,47.0,30.0,26,3,10.0,Brushed Brass,LMWP-1121M-BB,50.1,36.7,51.8,78.0,候选 Hammered Brass 全期月销 4.3；同型号最佳 Brushed Brass 月销 50.1
64,LWP-32O-ABL,"LWP-32O-ABL, LWP-32O-ABL5P",Wall Plate,LWP-32O,Acrylic Blue,"Active, Inactive","1, 5",3.6,6.1,2.0,4.5,43.0,67.0,6.0,26,3,10.0,Acrylic Silver,LWP-32O-ASV,75.8,92.9,73.2,40.8,候选 Acrylic Blue 全期月销 4.5；同型号最佳 Acrylic Silver 月销 75.8
65,LMWP-1121M-AC,LMWP-1121M-AC,Metal Wall Plate,LMWP-1121M,Antique Chrome,Inactive,1,4.1,4.9,4.2,4.5,33.0,54.0,21.0,24,5,12.0,Brushed Brass,LMWP-1121M-BB,50.1,36.7,51.8,78.0,候选 Antique Chrome 全期月销 4.5；同型号最佳 Brushed Brass 月销 50.1
66,LMWP-1131M-HB,LMWP-1131M-HB,Metal Wall Plate,LMWP-1131M,Hammered Brass,Active,1,3.9,5.4,3.8,4.5,43.0,65.0,19.0,28,1,12.0,Brushed Brass,LMWP-1131M-BB,44.2,37.8,46.1,55.6,候选 Hammered Brass 全期月销 4.5；同型号最佳 Brushed Brass 月销 44.2
67,LMWP-22M-HAB,LMWP-22M-HAB,Metal Wall Plate,LMWP-22M,Hammered Antique Brass,Active,1,5.1,4.0,4.6,4.5,56.0,48.0,23.0,28,1,13.0,Stainless Steel,LMWP-22M-SS,39.4,41.3,42.1,25.8,候选 Hammered Antique Brass 全期月销 4.5；同型号最佳 Stainless Steel 月销 39.4
68,LWP-33O-ABK,"LWP-33O-ABK, LWP-33O-ABK5P",Wall Plate,LWP-33O,Acrylic Black,"Active, Inactive","1, 5",4.5,4.2,5.8,4.6,54.0,46.0,23.0,27,2,10.0,Acrylic Silver,LWP-33O-ASV,38.7,42.8,34.3,0.0,候选 Acrylic Black 全期月销 4.6；同型号最佳 Acrylic Silver 月销 38.7
69,LMWP-1121M-HC,LMWP-1121M-HC,Metal Wall Plate,LMWP-1121M,Hammered Chrome,Active,1,4.6,6.0,1.4,4.6,51.0,72.0,7.0,28,1,11.0,Brushed Brass,LMWP-1121M-BB,50.1,36.7,51.8,78.0,候选 Hammered Chrome 全期月销 4.6；同型号最佳 Brushed Brass 月销 50.1
70,LS15-4W-SV,LS15-4W-SV,Light Switch,LS15-4W,Silver,Active,1,3.4,5.8,5.2,4.7,34.0,52.0,21.0,23,6,9.0,Black,LS15-4W-BK,200.6,246.8,175.7,149.2,候选 Silver 全期月销 4.7；同型号最佳 Black 月销 200.6
71,LSWP-34M-NK,LSWP-34M-NK,Screwless Wall Plate,LSWP-34M,Nickel,Active,1,5.6,3.7,5.0,4.7,67.0,44.0,25.0,29,0,15.0,White,LSWP-34M-W,654.7,740.4,614.6,545.0,候选 Nickel 全期月销 4.7；同型号最佳 White 月销 654.7
72,LWP-34O-AGD,"LWP-34O-AGD, LWP-34O-AGD5P",Wall Plate,LWP-34O,Acrylic Gold,Active,"1, 5",4.6,5.2,3.8,4.7,51.0,62.0,19.0,28,1,9.0,Acrylic Silver,LWP-34O-ASV,16.2,20.6,13.8,11.6,候选 Acrylic Gold 全期月销 4.7；同型号最佳 Acrylic Silver 月销 16.2
73,LU-6C3-BKWP,LU-6C3-BKWP,USB OUTLET,LU-6C3,Black,Active,1,5.5,5.0,2.4,4.7,61.0,55.0,12.0,27,2,16.0,White,LU-6C3-WWP,8.2,10.8,6.4,8.0,候选 Black 全期月销 4.7；同型号最佳 White 月销 8.2
74,LSWP-34M-BGY,LSWP-34M-BGY,Screwless Wall Plate,LSWP-34M,Brushed Gray,Active,1,6.2,3.8,3.6,4.8,75.0,45.0,18.0,29,0,13.0,White,LSWP-34M-W,654.7,740.4,614.6,545.0,候选 Brushed Gray 全期月销 4.8；同型号最佳 White 月销 654.7
75,LDFS-1P3S-LAWP,LDFS-1P3S-LAWP2P,Dimmer,LDFS-1P3S,Light Almond,Active,2,4.2,5.8,3.5,4.8,38.0,58.0,14.0,23,6,14.0,Black,LDFS-1P3S-BKWP,47.9,38.3,52.5,60.8,候选 Light Almond 全期月销 4.8；同型号最佳 Black 月销 47.9
76,LCS2-1P-SVSWP,LCS2-1P-SVSWP,Combination Switch,LCS2-1P,Silver,Active,1,5.0,5.8,2.4,4.8,55.0,58.0,12.0,26,3,16.0,Black,LCS2-1P-BK,235.8,183.2,264.5,293.2,候选 Silver 全期月销 4.8；同型号最佳 Black 月销 235.8
77,LMWP-1131M-AC,LMWP-1131M-AC,Metal Wall Plate,LMWP-1131M,Antique Chrome,Inactive,1,2.9,6.4,5.2,4.8,32.0,77.0,21.0,27,2,13.0,Brushed Brass,LMWP-1131M-BB,44.2,37.8,46.1,55.6,候选 Antique Chrome 全期月销 4.8；同型号最佳 Brushed Brass 月销 44.2
78,LWP-34M-GY,LWP-34M-GY,Wall Plate,LWP-34M,Gray,Active,1,3.6,6.2,4.0,4.8,40.0,75.0,20.0,28,1,20.0,Black,LWP-34M-BK,75.3,85.8,85.4,29.8,候选 Gray 全期月销 4.8；同型号最佳 Black 月销 75.3
79,LCS1-1PTR-NKSWP,"LCS1-1PTR-NKSWP, LCS1-1PTR-NKSWP2P",Combination Switch,LCS1-1PTR,Nickel,Active,"1, 2",4.8,4.2,6.6,4.9,58.0,46.0,33.0,28,1,11.0,White,LCS1-1PTR-WSWP,105.3,180.1,66.2,19.4,候选 Nickel 全期月销 4.9；同型号最佳 White 月销 105.3
80,LSWP-34M-SG,LSWP-34M-SG,Screwless Wall Plate,LSWP-34M,Space Gray,Active,1,6.8,2.2,6.8,4.9,82.0,26.0,34.0,29,0,13.0,White,LSWP-34M-W,654.7,740.4,614.6,545.0,候选 Space Gray 全期月销 4.9；同型号最佳 White 月销 654.7
81,LCS2-1P-SGSWP,LCS2-1P-SGSWP,Combination Switch,LCS2-1P,Space Gray,Active,1,6.1,3.8,5.0,4.9,67.0,46.0,25.0,28,1,11.0,Black,LCS2-1P-BK,235.8,183.2,264.5,293.2,候选 Space Gray 全期月销 4.9；同型号最佳 Black 月销 235.8
82,LWP-12O-ARG,"LWP-12O-ARG, LWP-12O-ARG5P",Wall Plate,LWP-12O,Rose Gold,Active,"1, 5",5.8,4.3,4.7,5.0,64.0,52.0,14.0,26,3,17.0,Acrylic Silver,LWP-12O-ASV,35.6,57.3,23.4,12.4,候选 Rose Gold 全期月销 5.0；同型号最佳 Acrylic Silver 月销 35.6
83,LSWP-34M-BSG,LSWP-34M-BSG,Screwless Wall Plate,LSWP-34M,Space Gray,Active,1,5.4,5.7,2.5,5.1,59.0,68.0,10.0,27,2,12.0,White,LSWP-34M-W,654.7,740.4,614.6,545.0,候选 Space Gray 全期月销 5.1；同型号最佳 White 月销 654.7
84,LMWP-13M-HC,LMWP-13M-HC,Metal Wall Plate,LMWP-13M,Hammered Chrome,Active,1,4.4,5.8,5.2,5.1,48.0,70.0,26.0,28,1,14.0,Brushed Brass,LMWP-13M-BB,173.2,53.5,178.2,304.6,候选 Hammered Chrome 全期月销 5.1；同型号最佳 Brushed Brass 月销 173.2
85,LMWP-34M-AC,LMWP-34M-AC,Metal Wall Plate,LMWP-34M,Antique Copper,Inactive,1,3.5,5.5,7.8,5.1,39.0,66.0,39.0,28,1,16.0,Brushed Brass,LMWP-34M-BB,38.3,38.0,34.5,48.4,候选 Antique Copper 全期月销 5.1；同型号最佳 Brushed Brass 月销 38.3
86,LCS1-1PTR-GD,LCS1-1PTR-GD,Combination Switch,LCS1-1PTR,Gold,Active,1,5.8,4.7,5.0,5.2,70.0,56.0,25.0,29,0,19.0,White,LCS1-1PTR-WSWP,105.3,180.1,66.2,19.4,候选 Gold 全期月销 5.2；同型号最佳 White 月销 105.3
87,LS15-4W-SG,LS15-4W-SG,Light Switch,LS15-4W,Space Gray,Active,1,3.5,6.1,6.5,5.2,28.0,61.0,26.0,22,7,15.0,Black,LS15-4W-BK,200.6,246.8,175.7,149.2,候选 Space Gray 全期月销 5.2；同型号最佳 Black 月销 200.6
88,LCS1-1PTR-LA,LCS1-1PTR-LA,Combination Switch,LCS1-1PTR,Light Almond,Active,1,6.8,5.1,2.4,5.3,81.0,61.0,12.0,29,0,12.0,White,LCS1-1PTR-WSWP,105.3,180.1,66.2,19.4,候选 Light Almond 全期月销 5.3；同型号最佳 White 月销 105.3
89,LMWP-1131M-HC,LMWP-1131M-HC,Metal Wall Plate,LMWP-1131M,Hammered Chrome,Active,1,3.8,7.7,2.3,5.3,45.0,92.0,7.0,27,2,15.0,Brushed Brass,LMWP-1131M-BB,44.2,37.8,46.1,55.6,候选 Hammered Chrome 全期月销 5.3；同型号最佳 Brushed Brass 月销 44.2
90,LR15-TRSS-BK,LR15-TRSS-BK,Surge Protector,LR15-TR,Black,Active,1,6.6,4.7,4.0,5.5,79.0,47.0,16.0,26,3,14.0,Gold,LR15-TR-GDSWP,2135.5,1282.8,2432.6,3469.2,候选 Black 全期月销 5.5；同型号最佳 Gold 月销 2135.5
91,LSWP-34M-AGD,LSWP-34M-AGD,Screwless Wall Plate,LSWP-34M,Gold,Active,1,7.4,4.3,3.0,5.5,89.0,52.0,12.0,28,1,13.0,White,LSWP-34M-W,654.7,740.4,614.6,545.0,候选 Gold 全期月销 5.5；同型号最佳 White 月销 654.7
92,LMWP-33M-HB,LMWP-33M-HB,Metal Wall Plate,LMWP-33M,Hammered Brass,Active,1,4.9,6.0,5.8,5.5,59.0,72.0,29.0,29,0,12.0,Brushed Brass,LMWP-33M-BB,105.1,99.9,106.2,115.2,候选 Hammered Brass 全期月销 5.5；同型号最佳 Brushed Brass 月销 105.1
93,LWP-32O-ARG,"LWP-32O-ARG, LWP-32O-ARG5P",Wall Plate,LWP-32O,Rose Gold,"Active, Inactive","1, 5",6.6,5.7,2.6,5.5,79.0,68.0,13.0,29,0,21.0,Acrylic Silver,LWP-32O-ASV,75.8,92.9,73.2,40.8,候选 Rose Gold 全期月销 5.5；同型号最佳 Acrylic Silver 月销 75.8
94,LCS1-1PTR-GYSWP,LCS1-1PTR-GYSWP,Combination Switch,LCS1-1PTR,Gray,Active,1,8.9,2.9,1.5,5.6,107.0,35.0,3.0,26,3,27.0,White,LCS1-1PTR-WSWP,105.3,180.1,66.2,19.4,候选 Gray 全期月销 5.6；同型号最佳 White 月销 105.3
95,LSWP-34M-I,LSWP-34M-I,Screwless Wall Plate,LSWP-34M,Ivory,Active,1,5.4,4.8,8.2,5.7,65.0,58.0,41.0,29,0,15.0,White,LSWP-34M-W,654.7,740.4,614.6,545.0,候选 Ivory 全期月销 5.7；同型号最佳 White 月销 654.7
96,LMWP-33M-HAC,LMWP-33M-HAC,Metal Wall Plate,LMWP-33M,Hammered Antique Copper,Inactive,1,5.0,6.0,5.4,5.7,20.0,72.0,27.0,21,8,13.0,Brushed Brass,LMWP-33M-BB,105.1,99.9,106.2,115.2,候选 Hammered Antique Copper 全期月销 5.7；同型号最佳 Brushed Brass 月销 105.1
97,LSMWP-02M-BB,LSMWP-02M-BB,Metal Wall Plate,LSMWP-02M,Brushed Brass,Active,1,5.2,6.7,4.4,5.7,63.0,80.0,22.0,29,0,20.0,Stainless Steel,LSMWP-02M-SS,23.4,27.1,18.9,25.6,候选 Brushed Brass 全期月销 5.7；同型号最佳 Stainless Steel 月销 23.4
98,LWP-1131O-ABK,LWP-1131O-ABK,Wall Plate,LWP-1131O,Acrylic Black,Active,1,5.2,7.8,2.0,5.8,62.0,86.0,8.0,27,2,20.0,Acrylic Silver,LWP-1131O-ASV,19.1,22.8,20.2,7.2,候选 Acrylic Black 全期月销 5.8；同型号最佳 Acrylic Silver 月销 19.1
99,LCS2-1P-SG,LCS2-1P-SG,Combination Switch,LCS2-1P,Space Gray,Active,1,4.5,6.2,8.0,5.8,49.0,74.0,40.0,28,1,15.0,Black,LCS2-1P-BK,235.8,183.2,264.5,293.2,候选 Space Gray 全期月销 5.8；同型号最佳 Black 月销 235.8
100,LSWP-34M-BLA,LSWP-34M-BLA,Screwless Wall Plate,LSWP-34M,Light Almond,Active,1,5.2,5.9,7.0,5.8,63.0,71.0,35.0,29,0,16.0,White,LSWP-34M-W,654.7,740.4,614.6,545.0,候选 Light Almond 全期月销 5.8；同型号最佳 White 月销 654.7
101,LMWP-34M-PC,LMWP-34M-PC,Metal Wall Plate,LMWP-34M,Polished Chrome,Active,1,6.0,6.2,5.0,5.9,66.0,74.0,25.0,28,1,24.0,Brushed Brass,LMWP-34M-BB,38.3,38.0,34.5,48.4,候选 Polished Chrome 全期月销 5.9；同型号最佳 Brushed Brass 月销 38.3
102,LMWP-13M-AC,LMWP-13M-AC,Metal Wall Plate,LMWP-13M,Antique Copper,Inactive,1,4.7,4.7,10.8,6.0,42.0,47.0,54.0,24,5,21.0,Brushed Brass,LMWP-13M-BB,173.2,53.5,178.2,304.6,候选 Antique Copper 全期月销 6.0；同型号最佳 Brushed Brass 月销 173.2
103,LMWP-41M-HAB,LMWP-41M-HAB,Metal Wall Plate,LMWP-41M,Hammered Antique Brass,Active,1,5.8,6.8,4.6,6.0,70.0,81.0,23.0,29,0,15.0,Brushed Brass,LMWP-41M-BB,42.3,23.6,42.0,61.8,候选 Hammered Antique Brass 全期月销 6.0；同型号最佳 Brushed Brass 月销 42.3
104,LWP-11O-ABK,"LWP-11O-ABK, LWP-11O-ABK5P",Wall Plate,LWP-11O,Acrylic Black,"Active, Inactive","1, 5",7.9,4.8,4.0,6.0,95.0,57.0,16.0,28,1,20.0,Acrylic Silver,LWP-11O-ASV,70.6,98.0,56.5,38.8,候选 Acrylic Black 全期月销 6.0；同型号最佳 Acrylic Silver 月销 70.6
105,LWP-11O-ARD,"LWP-11O-ARD, LWP-11O-ARD5P",Wall Plate,LWP-11O,Acrylic Red,Inactive,"1, 5",6.3,7.2,4.4,6.3,76.0,86.0,22.0,29,0,16.0,Acrylic Silver,LWP-11O-ASV,70.6,98.0,56.5,38.8,候选 Acrylic Red 全期月销 6.3；同型号最佳 Acrylic Silver 月销 70.6
106,LHS-F-G-LAWP,LHS-F-G-LAWP2P,Humidity Sensor,LHS-F,Light Almond,Active,2,7.6,5.1,6.8,6.5,76.0,46.0,34.0,24,5,30.0,White,LHS-F-G-WWP,66.3,84.9,61.8,40.0,候选 Light Almond 全期月销 6.5；同型号最佳 White 月销 66.3
107,LMWP-14M-PC,LMWP-14M-PC,Metal Wall Plate,LMWP-14M,Polished Chrome,Active,1,9.3,5.0,4.0,6.5,102.0,60.0,20.0,28,1,13.0,Brushed Brass,LMWP-14M-BB,39.4,24.6,48.1,54.2,候选 Polished Chrome 全期月销 6.5；同型号最佳 Brushed Brass 月销 39.4
108,LWF-DF-WWP,LWF-DF-WWP,WIFI,LWF-DF,White,Active,1,9.8,4.0,5.0,6.6,117.0,48.0,20.0,28,1,28.0,,,,,,,同型号没有其它颜色/版本可对比
109,LMWP-14M-HAC,LMWP-14M-HAC,Metal Wall Plate,LMWP-14M,Hammered Antique Copper,Inactive,1,4.0,8.7,4.0,6.7,16.0,104.0,20.0,21,8,23.0,Brushed Brass,LMWP-14M-BB,39.4,24.6,48.1,54.2,候选 Hammered Antique Copper 全期月销 6.7；同型号最佳 Brushed Brass 月销 39.4
110,LFS-3S-LAWP,LFS-3S-LAWP2P,Fan,LFS-3S,Light Almond,Active,2,6.8,4.4,11.6,6.7,68.0,48.0,58.0,26,3,14.0,Black,LFS-3S-BKWP,48.5,41.0,43.2,79.2,候选 Light Almond 全期月销 6.7；同型号最佳 Black 月销 48.5
111,LCS3-1P-LASWP,LCS3-1P-LASWP,Combination Switch,LCS3-1P,Light Almond,Active,1,5.2,7.7,7.6,6.8,47.0,85.0,38.0,25,4,16.0,Black,LCS3-1P-BKSWP,63.1,52.7,75.8,57.6,候选 Light Almond 全期月销 6.8；同型号最佳 Black 月销 63.1
112,LMWP-1121M-HAC,LMWP-1121M-HAC,Metal Wall Plate,LMWP-1121M,Hammered Antique Copper,Inactive,1,4.0,7.9,6.0,6.8,12.0,95.0,30.0,20,9,13.0,Brushed Brass,LMWP-1121M-BB,50.1,36.7,51.8,78.0,候选 Hammered Antique Copper 全期月销 6.8；同型号最佳 Brushed Brass 月销 50.1
113,LR15-4TRPL-WWP,LR15-4TRPL-WWP,Receptacle,LR15-4TRPL,White,Active,1,9.9,4.8,2.5,7.0,109.0,53.0,5.0,24,5,20.0,Black,LR15-4TRPL-BKWP,2.4,4.0,2.0,2.0,候选 White 全期月销 7.0；同型号最佳 Black 月销 2.4
114,LCS2-1P-LASWP,LCS2-1P-LASWP,Combination Switch,LCS2-1P,Light Almond,Active,1,6.8,7.9,5.6,7.0,81.0,87.0,28.0,28,1,14.0,Black,LCS2-1P-BK,235.8,183.2,264.5,293.2,候选 Light Almond 全期月销 7.0；同型号最佳 Black 月销 235.8
115,LCS3-1P-NKSWP,"LCS3-1P-NKSWP, LCS3-1P-NKSWP2P",Combination Switch,LCS3-1P,Nickel,Active,"1, 2",4.6,8.3,9.6,7.0,55.0,100.0,48.0,29,0,18.0,Black,LCS3-1P-BKSWP,63.1,52.7,75.8,57.6,候选 Nickel 全期月销 7.0；同型号最佳 Black 月销 63.1
116,LWP-33M-I,LWP-33M-I,Wall Plate,LWP-33M,Ivory,Active,1,3.9,9.8,7.6,7.1,43.0,117.0,38.0,28,1,19.0,White,LWP-33M-W,147.9,188.1,152.4,40.8,候选 Ivory 全期月销 7.1；同型号最佳 White 月销 147.9
117,LMWP-1121M-HAB,LMWP-1121M-HAB,Metal Wall Plate,LMWP-1121M,Hammered Antique Brass,Active,1,5.0,8.3,9.4,7.1,60.0,100.0,47.0,29,0,14.0,Brushed Brass,LMWP-1121M-BB,50.1,36.7,51.8,78.0,候选 Hammered Antique Brass 全期月销 7.1；同型号最佳 Brushed Brass 月销 50.1
118,LWP-01O-AGD,"LWP-01O-AGD, LWP-01O-AGD5P",Wall Plate,LWP-01O,Acrylic Gold,"Active, Inactive","1, 5",8.7,7.3,3.2,7.2,104.0,88.0,16.0,29,0,20.0,Acrylic Silver,LWP-01O-ASV,69.0,84.1,52.5,0.0,候选 Acrylic Gold 全期月销 7.2；同型号最佳 Acrylic Silver 月销 69.0
119,LWP-31O-AGR,"LWP-31O-AGR, LWP-31O-AGR5P",Wall Plate,LWP-31O,Acrylic Green,Inactive,"1, 5",8.4,7.6,3.4,7.2,101.0,84.0,17.0,28,1,23.0,Acrylic Silver,LWP-31O-ASV,411.9,532.8,333.9,309.2,候选 Acrylic Green 全期月销 7.2；同型号最佳 Acrylic Silver 月销 411.9
120,LS15-4W-NK,LS15-4W-NK,Light Switch,LS15-4W,Nickel,Active,1,4.8,8.3,10.0,7.3,43.0,83.0,50.0,24,5,24.0,Black,LS15-4W-BK,200.6,246.8,175.7,149.2,候选 Nickel 全期月销 7.3；同型号最佳 Black 月销 200.6
121,LMWP-02M-BB,LMWP-02M-BB,Metal Wall Plate,LMWP-02M,Brushed Brass,Active,1,6.5,7.1,9.2,7.4,39.0,85.0,46.0,23,6,15.0,Antique Brass,LMWP-02M-AB,11.0,7.2,10.1,16.0,候选 Brushed Brass 全期月销 7.4；同型号最佳 Antique Brass 月销 11.0
122,LWP-21O-AGR,"LWP-21O-AGR, LWP-21O-AGR5P",Wall Plate,LWP-21O,Acrylic Green,Inactive,"1, 5",7.5,6.7,9.8,7.5,82.0,80.0,49.0,28,1,26.0,Acrylic Silver,LWP-21O-ASV,227.5,261.3,214.8,176.8,候选 Acrylic Green 全期月销 7.5；同型号最佳 Acrylic Silver 月销 227.5
123,LMWP-02M-SS,LMWP-02M-SS,Metal Wall Plate,LMWP-02M,Stainless Steel,Active,1,10.5,4.8,10.8,7.6,63.0,57.0,54.0,23,6,22.0,Antique Brass,LMWP-02M-AB,11.0,7.2,10.1,16.0,候选 Stainless Steel 全期月销 7.6；同型号最佳 Antique Brass 月销 11.0
124,LSMWP-32M-BRG,LSMWP-32M-BRG,Metal Wall Plate,LSMWP-32M,Brushed Rose Gold,Active,1,7.1,9.2,5.2,7.6,85.0,110.0,26.0,29,0,16.0,Brushed Brass,LSMWP-32M-BB,61.8,40.9,79.0,66.4,候选 Brushed Rose Gold 全期月销 7.6；同型号最佳 Brushed Brass 月销 61.8
125,LCS1-1PTR-LASWP,LCS1-1PTR-LASWP,Combination Switch,LCS1-1PTR,Light Almond,Active,1,10.8,7.0,2.0,7.7,129.0,84.0,10.0,29,0,20.0,White,LCS1-1PTR-WSWP,105.3,180.1,66.2,19.4,候选 Light Almond 全期月销 7.7；同型号最佳 White 月销 105.3
126,LWP-41O-ASV,"LWP-41O-ASV, LWP-41O-ASV5P",Wall Plate,LWP-41O,Acrylic Silver,"Active, Inactive","1, 5",9.8,8.1,2.0,7.7,117.0,97.0,10.0,29,0,26.0,Acrylic Black,LWP-41O-ABK,25.5,20.1,35.2,5.0,候选 Acrylic Silver 全期月销 7.7；同型号最佳 Acrylic Black 月销 25.5
127,LCS2-1P-GY,LCS2-1P-GY,Combination Switch,LCS2-1P,Gray,Active,1,8.2,6.7,9.2,7.8,98.0,67.0,46.0,27,2,15.0,Black,LCS2-1P-BK,235.8,183.2,264.5,293.2,候选 Gray 全期月销 7.8；同型号最佳 Black 月销 235.8
128,LMWP-14M-HAB,LMWP-14M-HAB,Metal Wall Plate,LMWP-14M,Hammered Antique Brass,Active,1,6.8,9.0,0.0,7.8,82.0,90.0,0.0,22,7,16.0,Brushed Brass,LMWP-14M-BB,39.4,24.6,48.1,54.2,候选 Hammered Antique Brass 全期月销 7.8；同型号最佳 Brushed Brass 月销 39.4
129,LMWP-01M-HAC,LMWP-01M-HAC,Metal Wall Plate,LMWP-01M,Hammered Antique Copper,Active,1,6.3,8.1,11.2,7.9,76.0,97.0,56.0,29,0,22.0,Stainless Steel,LMWP-01M-SS-,269.8,162.5,220.4,646.0,候选 Hammered Antique Copper 全期月销 7.9；同型号最佳 Stainless Steel 月销 269.8
130,LWP-32M-I,LWP-32M-I,Wall Plate,LWP-32M,Ivory,Active,1,4.7,10.2,9.4,7.9,52.0,123.0,47.0,28,1,19.0,White,LWP-32M-W,1109.0,888.2,1187.1,1451.4,候选 Ivory 全期月销 7.9；同型号最佳 White 月销 1109.0
131,LSWP-33M-SV,LSWP-33M-SV,Screwless Wall Plate,LSWP-33M,Silver,Active,1,7.7,7.0,11.0,8.0,92.0,84.0,55.0,29,0,26.0,White,LSWP-33M-W,1279.6,1391.2,1214.6,1167.6,候选 Silver 全期月销 8.0；同型号最佳 White 月销 1279.6
132,LMWP-32M-HC,LMWP-32M-HC,Metal Wall Plate,LMWP-32M,Hammered Chrome,Active,1,5.6,10.3,8.6,8.1,67.0,124.0,43.0,29,0,19.0,Brushed Brass,LMWP-32M-BB,374.5,343.8,358.3,487.2,候选 Hammered Chrome 全期月销 8.1；同型号最佳 Brushed Brass 月销 374.5
133,LSWP-33M-BSG,LSWP-33M-BSG,Screwless Wall Plate,LSWP-33M,Space Gray,Active,1,8.5,8.3,6.6,8.1,102.0,100.0,33.0,29,0,18.0,White,LSWP-33M-W,1279.6,1391.2,1214.6,1167.6,候选 Space Gray 全期月销 8.1；同型号最佳 White 月销 1279.6
134,LR15-4TRPL-W,LR15-4TRPL-W,Receptacle,LR15-4TRPL,White,Active,1,11.6,6.2,3.2,8.1,139.0,68.0,13.0,27,2,28.0,Black,LR15-4TRPL-BKWP,2.4,4.0,2.0,2.0,候选 White 全期月销 8.1；同型号最佳 Black 月销 2.4
135,LSWP-34M-BSV,LSWP-34M-BSV,Screwless Wall Plate,LSWP-34M,Brushed Silver,Active,1,8.1,7.8,9.2,8.2,97.0,94.0,46.0,29,0,16.0,White,LSWP-34M-W,654.7,740.4,614.6,545.0,候选 Brushed Silver 全期月销 8.2；同型号最佳 White 月销 654.7
136,LMWP-22M-AB,LMWP-22M-AB,Metal Wall Plate,LMWP-22M,Antique Brass,Inactive,1,8.2,9.2,5.6,8.2,90.0,111.0,28.0,28,1,23.0,Stainless Steel,LMWP-22M-SS,39.4,41.3,42.1,25.8,候选 Antique Brass 全期月销 8.2；同型号最佳 Stainless Steel 月销 39.4
137,LCS2-1P-NKSWP,"LCS2-1P-NKSWP, LCS2-1P-NKSWP2P",Combination Switch,LCS2-1P,Nickel,Active,"1, 2",6.8,7.9,12.4,8.2,81.0,87.0,62.0,28,1,34.0,Black,LCS2-1P-BK,235.8,183.2,264.5,293.2,候选 Nickel 全期月销 8.2；同型号最佳 Black 月销 235.8
138,LMWP-13M-HB,LMWP-13M-HB,Metal Wall Plate,LMWP-13M,Hammered Brass,Active,1,6.5,9.1,9.2,8.2,52.0,91.0,46.0,23,6,21.0,Brushed Brass,LMWP-13M-BB,173.2,53.5,178.2,304.6,候选 Hammered Brass 全期月销 8.2；同型号最佳 Brushed Brass 月销 173.2
139,LU-6C3-WWP,LU-6C3-WWP,USB OUTLET,LU-6C3,White,Active,1,10.8,6.4,8.0,8.2,97.0,77.0,40.0,26,3,25.0,Black,LU-6C3-BKWP,4.7,5.5,5.0,2.4,候选 White 全期月销 8.2；同型号最佳 Black 月销 4.7
140,LU-PD60C2-BKWP,LU-PD60C2-BKWP,USB OUTLET,LU-PD60AC,Black,Active,1,18.5,6.5,8.4,8.3,37.0,78.0,42.0,19,10,32.0,White,LU-PD60C2-WWP,9.4,13.3,12.7,2.4,候选 Black 全期月销 8.3；同型号最佳 White 月销 9.4
141,LWP-32O-ABK,"LWP-32O-ABK, LWP-32O-ABK5P",Wall Plate,LWP-32O,Acrylic Black,"Active, Inactive","1, 5",9.4,7.9,6.4,8.3,113.0,87.0,32.0,28,1,22.0,Acrylic Silver,LWP-32O-ASV,75.8,92.9,73.2,40.8,候选 Acrylic Black 全期月销 8.3；同型号最佳 Acrylic Silver 月销 75.8
142,LWP-11O-ARG,"LWP-11O-ARG, LWP-11O-ARG5P",Wall Plate,LWP-11O,Rose Gold,"Active, Inactive","1, 5",10.2,8.1,5.6,8.5,122.0,97.0,28.0,29,0,25.0,Acrylic Silver,LWP-11O-ASV,70.6,98.0,56.5,38.8,候选 Rose Gold 全期月销 8.5；同型号最佳 Acrylic Silver 月销 70.6
143,LTS-30M-LAWP,LTS-30M-LAWP2P,Timer,LTS-30M,Light Almond,Active,2,9.5,7.5,9.6,8.7,104.0,82.0,48.0,27,2,20.0,White,LTS-30M-WWP,40.9,55.4,37.2,14.8,候选 Light Almond 全期月销 8.7；同型号最佳 White 月销 40.9
144,LU-6AC2-BKWP,LU-6AC2-BKWP,USB OUTLET,LU-6AC2,Black,Active,1,5.3,10.8,9.8,8.7,48.0,129.0,49.0,26,3,30.0,Gold,LU-6AC2-GDWP,126.6,0.0,151.0,112.0,候选 Black 全期月销 8.7；同型号最佳 Gold 月销 126.6
145,LMWP-1131M-HAB,LMWP-1131M-HAB,Metal Wall Plate,LMWP-1131M,Hammered Antique Brass,Active,1,7.1,10.8,7.8,8.7,85.0,129.0,39.0,29,0,18.0,Brushed Brass,LMWP-1131M-BB,44.2,37.8,46.1,55.6,候选 Hammered Antique Brass 全期月销 8.7；同型号最佳 Brushed Brass 月销 44.2
146,LCS2-1P-NK,LCS2-1P-NK,Combination Switch,LCS2-1P,Nickel,Active,1,6.2,10.6,10.6,8.8,74.0,127.0,53.0,29,0,42.0,Black,LCS2-1P-BK,235.8,183.2,264.5,293.2,候选 Nickel 全期月销 8.8；同型号最佳 Black 月销 235.8
147,LR20-TR-I,LR20-TR-I,Receptacle,LR20-TR,Ivory,Active,1,9.3,7.1,12.0,8.8,65.0,71.0,48.0,21,8,46.0,Gold,LR20-TR-GD,383.9,277.6,448.1,485.2,候选 Ivory 全期月销 8.8；同型号最佳 Gold 月销 383.9
148,LMWP-1131M-HAC,LMWP-1131M-HAC,Metal Wall Plate,LMWP-1131M,Hammered Antique Copper,Active,1,6.1,12.4,6.8,8.8,73.0,149.0,34.0,29,0,24.0,Brushed Brass,LMWP-1131M-BB,44.2,37.8,46.1,55.6,候选 Hammered Antique Copper 全期月销 8.8；同型号最佳 Brushed Brass 月销 44.2
149,LSWP-33M-I,LSWP-33M-I,Screwless Wall Plate,LSWP-33M,Ivory,Active,1,9.8,7.5,10.4,9.0,117.0,82.0,52.0,28,1,19.0,White,LSWP-33M-W,1279.6,1391.2,1214.6,1167.6,候选 Ivory 全期月销 9.0；同型号最佳 White 月销 1279.6
150,LDS-1P-LAWP,LDS-1P-LAWP2P,Dimmer,LDS-1P,Light Almond,Active,2,5.4,12.5,8.4,9.0,54.0,138.0,42.0,26,3,38.0,White,LDS-1P-WWP,45.9,62.7,39.0,22.0,候选 Light Almond 全期月销 9.0；同型号最佳 White 月销 45.9
151,LSMWP-01M-BB,LSMWP-01M-BB,Metal Wall Plate,LSMWP-01M,Brushed Brass,Inactive,1,7.8,9.2,11.4,9.0,93.0,111.0,57.0,29,0,17.0,Stainless Steel,LSMWP-01M-SS,25.1,29.4,21.0,24.4,候选 Brushed Brass 全期月销 9.0；同型号最佳 Stainless Steel 月销 25.1
152,LS15-4W-LA,LS15-4W-LA,Light Switch,LS15-4W,Light Almond,Active,1,2.6,13.1,12.8,9.1,26.0,157.0,64.0,27,2,34.0,Black,LS15-4W-BK,200.6,246.8,175.7,149.2,候选 Light Almond 全期月销 9.1；同型号最佳 Black 月销 200.6
153,LMWP-14M-AB,LMWP-14M-AB,Metal Wall Plate,LMWP-14M,Antique Brass,Active,1,7.2,11.7,8.2,9.2,86.0,140.0,41.0,29,0,28.0,Brushed Brass,LMWP-14M-BB,39.4,24.6,48.1,54.2,候选 Antique Brass 全期月销 9.2；同型号最佳 Brushed Brass 月销 39.4
154,LWP-31O-ARD,"LWP-31O-ARD, LWP-31O-ARD5P",Wall Plate,LWP-31O,Acrylic Red,Inactive,"1, 5",12.0,8.3,4.6,9.2,144.0,100.0,23.0,29,0,23.0,Acrylic Silver,LWP-31O-ASV,411.9,532.8,333.9,309.2,候选 Acrylic Red 全期月销 9.2；同型号最佳 Acrylic Silver 月销 411.9
155,LCS2-1P-LA,LCS2-1P-LA,Combination Switch,LCS2-1P,Light Almond,Active,1,6.5,12.2,8.4,9.2,71.0,146.0,42.0,28,1,68.0,Black,LCS2-1P-BK,235.8,183.2,264.5,293.2,候选 Light Almond 全期月销 9.2；同型号最佳 Black 月销 235.8
156,LWP-1131O-AGD,"LWP-1131O-AGD, LWP-1131O-AGD5P",Wall Plate,LWP-1131O,Acrylic Gold,Active,"1, 5",8.1,12.4,3.2,9.2,97.0,149.0,13.0,28,1,20.0,Acrylic Silver,LWP-1131O-ASV,19.1,22.8,20.2,7.2,候选 Acrylic Gold 全期月销 9.2；同型号最佳 Acrylic Silver 月销 19.1
157,LCS3-1P-GD,LCS3-1P-GD,Combination Switch,LCS3-1P,Gold,Active,1,5.2,10.7,14.2,9.3,52.0,128.0,71.0,27,2,24.0,Black,LCS3-1P-BKSWP,63.1,52.7,75.8,57.6,候选 Gold 全期月销 9.3；同型号最佳 Black 月销 63.1
158,LMWP-01M-HAB,LMWP-01M-HAB,Metal Wall Plate,LMWP-01M,Hammered Antique Brass,Active,1,8.8,11.9,4.8,9.4,105.0,143.0,24.0,29,0,21.0,Stainless Steel,LMWP-01M-SS-,269.8,162.5,220.4,646.0,候选 Hammered Antique Brass 全期月销 9.4；同型号最佳 Stainless Steel 月销 269.8
159,LWP-33M-GY,LWP-33M-GY,Wall Plate,LWP-33M,Gray,Active,1,7.1,12.0,8.6,9.4,85.0,144.0,43.0,29,0,34.0,White,LWP-33M-W,147.9,188.1,152.4,40.8,候选 Gray 全期月销 9.4；同型号最佳 White 月销 147.9
160,LS15-4W-GY,LS15-4W-GY,Light Switch,LS15-4W,Gray,Active,1,10.8,8.6,8.8,9.6,130.0,103.0,44.0,29,0,24.0,Black,LS15-4W-BK,200.6,246.8,175.7,149.2,候选 Gray 全期月销 9.6；同型号最佳 Black 月销 200.6
161,LSMWP-31M-PRG,LSMWP-31M-PRG,Metal Wall Plate,LSMWP-31M,Polished Rose Gold,Active,1,8.5,10.8,9.4,9.6,93.0,129.0,47.0,28,1,32.0,Brushed Brass,LSMWP-31M-BB,171.2,116.7,234.3,118.0,候选 Polished Rose Gold 全期月销 9.6；同型号最佳 Brushed Brass 月销 171.2
162,LAC-FL-G-WWP,"LAC-FL-G-WWP, LAC-FL-G-WWP2P",Timer,LAC-FL-G,White,Active,"1, 2",22.5,4.2,7.0,9.8,135.0,46.0,35.0,22,7,45.0,Black,LAC-FL-G-BKWP,2.8,3.8,1.3,3.0,候选 White 全期月销 9.8；同型号最佳 Black 月销 2.8
163,LMWP-12M-HC,LMWP-12M-HC,Metal Wall Plate,LMWP-12M,Hammered Chrome,Active,1,8.1,12.9,5.8,9.8,97.0,155.0,23.0,28,1,29.0,Brushed Brass,LMWP-12M-BB,535.6,416.8,609.2,644.2,候选 Hammered Chrome 全期月销 9.8；同型号最佳 Brushed Brass 月销 535.6
164,LSWP-33M-SG,LSWP-33M-SG,Screwless Wall Plate,LSWP-33M,Space Gray,Active,1,10.1,7.9,14.0,9.9,121.0,95.0,70.0,29,0,34.0,White,LSWP-33M-W,1279.6,1391.2,1214.6,1167.6,候选 Space Gray 全期月销 9.9；同型号最佳 White 月销 1279.6
165,LPS-1P-G-BKWP,LPS-1P-G-BKWP2P,Sensor Switch,LPS-1P-G,Black,Active,2,10.0,10.8,6.0,9.9,40.0,130.0,18.0,19,10,22.0,White,LPS-1P-G-WWP,15.0,29.7,6.4,2.0,候选 Black 全期月销 9.9；同型号最佳 White 月销 15.0
166,LWP-34M-I,LWP-34M-I,Wall Plate,LWP-34M,Ivory,Active,1,6.1,13.9,9.2,10.0,67.0,167.0,46.0,28,1,27.0,Black,LWP-34M-BK,75.3,85.8,85.4,29.8,候选 Ivory 全期月销 10.0；同型号最佳 Black 月销 75.3
167,LMWP-41M-PB,LMWP-41M-PB,Metal Wall Plate,LMWP-41M,Polished Brass,Inactive,1,3.2,11.6,13.8,10.2,16.0,139.0,69.0,22,7,34.0,Brushed Brass,LMWP-41M-BB,42.3,23.6,42.0,61.8,候选 Polished Brass 全期月销 10.2；同型号最佳 Brushed Brass 月销 42.3
168,LMWP-41M-HAC,LMWP-41M-HAC,Metal Wall Plate,LMWP-41M,Hammered Antique Copper,Active,1,9.9,11.2,8.8,10.2,119.0,123.0,44.0,28,1,24.0,Brushed Brass,LMWP-41M-BB,42.3,23.6,42.0,61.8,候选 Hammered Antique Copper 全期月销 10.2；同型号最佳 Brushed Brass 月销 42.3
169,LMWP-01M-AC,LMWP-01M-AC,Metal Wall Plate,LMWP-01M,Antique Copper,Active,1,11.4,9.9,9.0,10.4,137.0,119.0,45.0,29,0,16.0,Stainless Steel,LMWP-01M-SS-,269.8,162.5,220.4,646.0,候选 Antique Copper 全期月销 10.4；同型号最佳 Stainless Steel 月销 269.8
170,LMWP-41M-SS,LMWP-41M-SS,Metal Wall Plate,LMWP-41M,Stainless Steel,Active,1,7.2,9.8,14.2,10.4,29.0,108.0,71.0,20,9,46.0,Brushed Brass,LMWP-41M-BB,42.3,23.6,42.0,61.8,候选 Stainless Steel 全期月销 10.4；同型号最佳 Brushed Brass 月销 42.3
171,LU-PD36C2-WWP,"LU-PD36C2-WWP, LU-PD36C2-WWP2P",USB OUTLET,LU-PD36C2,White,Active,"1, 2",10.5,11.1,8.8,10.4,126.0,133.0,44.0,29,0,37.0,,,,,,,同型号没有其它颜色/版本可对比
172,LSWP-33M-BGY,LSWP-33M-BGY,Screwless Wall Plate,LSWP-33M,Brushed Gray,Active,1,9.0,12.0,10.6,10.5,108.0,144.0,53.0,29,0,21.0,White,LSWP-33M-W,1279.6,1391.2,1214.6,1167.6,候选 Brushed Gray 全期月销 10.5；同型号最佳 White 月销 1279.6
173,LWE8-315-NK,LWE8-315-NK,Outlet Extender,LWE8,Nickel,Active,1,6.8,14.8,9.2,10.5,82.0,177.0,46.0,29,0,21.0,White,LWE8-3RAC2-W,119.2,152.5,110.8,72.8,候选 Nickel 全期月销 10.5；同型号最佳 White 月销 119.2
174,LWP-11O-ABL,"LWP-11O-ABL, LWP-11O-ABL5P",Wall Plate,LWP-11O,Acrylic Blue,"Active, Inactive","1, 5",11.2,12.7,4.0,10.5,123.0,152.0,20.0,28,1,23.0,Acrylic Silver,LWP-11O-ASV,70.6,98.0,56.5,38.8,候选 Acrylic Blue 全期月销 10.5；同型号最佳 Acrylic Silver 月销 70.6
175,LMWP-13M-HAC,LMWP-13M-HAC,Metal Wall Plate,LMWP-13M,Hammered Antique Copper,Inactive,1,4.6,11.2,15.6,10.7,23.0,134.0,78.0,22,7,31.0,Brushed Brass,LMWP-13M-BB,173.2,53.5,178.2,304.6,候选 Hammered Antique Copper 全期月销 10.7；同型号最佳 Brushed Brass 月销 173.2
176,LMWP-32M-HB,LMWP-32M-HB,Metal Wall Plate,LMWP-32M,Hammered Brass,Active,1,13.1,8.4,11.0,10.8,157.0,101.0,55.0,29,0,23.0,Brushed Brass,LMWP-32M-BB,374.5,343.8,358.3,487.2,候选 Hammered Brass 全期月销 10.8；同型号最佳 Brushed Brass 月销 374.5
177,LSWP-33M-AGD,LSWP-33M-AGD,Screwless Wall Plate,LSWP-33M,Gold,Active,1,13.7,10.2,6.0,10.9,164.0,122.0,30.0,29,0,30.0,White,LSWP-33M-W,1279.6,1391.2,1214.6,1167.6,候选 Gold 全期月销 10.9；同型号最佳 White 月销 1279.6
178,LMWP-02M-AB,LMWP-02M-AB,Metal Wall Plate,LMWP-02M,Antique Brass,Active,1,7.2,10.1,16.0,11.0,29.0,121.0,80.0,21,8,38.0,Stainless Steel,LMWP-02M-SS,7.6,10.5,4.8,10.8,候选 Antique Brass 全期月销 11.0；同型号最佳 Stainless Steel 月销 7.6
179,LMWP-33M-AC,LMWP-33M-AC,Metal Wall Plate,LMWP-33M,Antique Copper,Inactive,1,10.3,10.4,14.0,11.0,124.0,125.0,70.0,29,0,29.0,Brushed Brass,LMWP-33M-BB,105.1,99.9,106.2,115.2,候选 Antique Copper 全期月销 11.0；同型号最佳 Brushed Brass 月销 105.1
180,LWP-41O-AGD,"LWP-41O-AGD, LWP-41O-AGD5P",Wall Plate,LWP-41O,Acrylic Gold,"Active, Inactive","1, 5",9.2,16.0,4.0,11.0,101.0,176.0,20.0,27,2,31.0,Acrylic Black,LWP-41O-ABK,25.5,20.1,35.2,5.0,候选 Acrylic Gold 全期月销 11.0；同型号最佳 Acrylic Black 月销 25.5
181,LMWP-33M-HAB,LMWP-33M-HAB,Metal Wall Plate,LMWP-33M,Hammered Antique Brass,Active,1,9.8,11.8,12.2,11.0,118.0,141.0,61.0,29,0,24.0,Brushed Brass,LMWP-33M-BB,105.1,99.9,106.2,115.2,候选 Hammered Antique Brass 全期月销 11.0；同型号最佳 Brushed Brass 月销 105.1
182,LMWP-34M-PB,LMWP-34M-PB,Metal Wall Plate,LMWP-34M,Polished Brass,Active,1,13.1,10.2,8.0,11.0,157.0,123.0,40.0,29,0,24.0,Brushed Brass,LMWP-34M-BB,38.3,38.0,34.5,48.4,候选 Polished Brass 全期月销 11.0；同型号最佳 Brushed Brass 月销 38.3
183,LMWP-1121M-AB,LMWP-1121M-AB,Metal Wall Plate,LMWP-1121M,Antique Brass,Inactive,1,8.0,14.9,10.4,11.4,88.0,179.0,52.0,28,1,32.0,Brushed Brass,LMWP-1121M-BB,50.1,36.7,51.8,78.0,候选 Antique Brass 全期月销 11.4；同型号最佳 Brushed Brass 月销 50.1
184,LU-PD30AC-GYWP,LU-PD30AC-GYWP2P,USB OUTLET,LU-PD30AC,Gray,Active,2,8.8,15.0,9.2,11.4,106.0,180.0,46.0,29,0,32.0,Gold,LU-PD30AC-GDWP,200.0,78.5,213.3,289.2,候选 Gray 全期月销 11.4；同型号最佳 Gold 月销 200.0
185,LU-PD30AC-LAWP,LU-PD30AC-LAWP2P,USB OUTLET,LU-PD30AC,Light Almond,Active,2,6.0,15.2,16.0,11.5,72.0,182.0,80.0,29,0,42.0,Gold,LU-PD30AC-GDWP,200.0,78.5,213.3,289.2,候选 Light Almond 全期月销 11.5；同型号最佳 Gold 月销 200.0
186,LMWP-11M-AC,LMWP-11M-AC,Metal Wall Plate,LMWP-11M,Antique Copper,Active,1,11.2,11.2,14.0,11.7,135.0,135.0,70.0,29,0,37.0,Brushed Brass,LMWP-11M-BB,497.6,406.4,496.4,719.0,候选 Antique Copper 全期月销 11.7；同型号最佳 Brushed Brass 月销 497.6
187,LMWP-1121M-PC,LMWP-1121M-PC,Metal Wall Plate,LMWP-1121M,Polished Chrome,Active,1,8.8,13.0,16.6,11.9,105.0,156.0,83.0,29,0,25.0,Brushed Brass,LMWP-1121M-BB,50.1,36.7,51.8,78.0,候选 Polished Chrome 全期月销 11.9；同型号最佳 Brushed Brass 月销 50.1
188,LWP-33O-AGD,"LWP-33O-AGD, LWP-33O-AGD5P",Wall Plate,LWP-33O,Acrylic Gold,Active,"1, 5",10.3,16.5,4.6,11.9,124.0,198.0,23.0,29,0,37.0,Acrylic Silver,LWP-33O-ASV,38.7,42.8,34.3,0.0,候选 Acrylic Gold 全期月销 11.9；同型号最佳 Acrylic Silver 月销 38.7
189,LWP-31O-ABL,"LWP-31O-ABL, LWP-31O-ABL5P",Wall Plate,LWP-31O,Acrylic Blue,"Active, Inactive","1, 5",11.9,13.4,8.4,11.9,143.0,161.0,42.0,29,0,39.0,Acrylic Silver,LWP-31O-ASV,411.9,532.8,333.9,309.2,候选 Acrylic Blue 全期月销 11.9；同型号最佳 Acrylic Silver 月销 411.9
190,LSWP-33M-BLA,LSWP-33M-BLA,Screwless Wall Plate,LSWP-33M,Light Almond,Active,1,10.5,12.6,14.0,12.0,126.0,151.0,70.0,29,0,21.0,White,LSWP-33M-W,1279.6,1391.2,1214.6,1167.6,候选 Light Almond 全期月销 12.0；同型号最佳 White 月销 1279.6
191,LMWP-41M-AC,LMWP-41M-AC,Metal Wall Plate,LMWP-41M,Antique Copper,Active,1,10.7,14.3,9.2,12.0,128.0,172.0,37.0,28,1,27.0,Brushed Brass,LMWP-41M-BB,42.3,23.6,42.0,61.8,候选 Antique Copper 全期月销 12.0；同型号最佳 Brushed Brass 月销 42.3
192,LS15-4W-BR,LS15-4W-BR,Light Switch,LS15-4W,Brown,Active,1,11.2,14.2,9.2,12.1,135.0,171.0,46.0,29,0,37.0,Black,LS15-4W-BK,200.6,246.8,175.7,149.2,候选 Brown 全期月销 12.1；同型号最佳 Black 月销 200.6
193,LSWP-34M-BBK,LSWP-34M-BBK,Screwless Wall Plate,LSWP-34M,Brushed Black,Active,1,13.7,11.9,9.0,12.1,164.0,143.0,45.0,29,0,27.0,White,LSWP-34M-W,654.7,740.4,614.6,545.0,候选 Brushed Black 全期月销 12.1；同型号最佳 White 月销 654.7
194,LWP-21O-ARD,"LWP-21O-ARD, LWP-21O-ARD5P",Wall Plate,LWP-21O,Acrylic Red,Inactive,"1, 5",10.3,10.8,19.6,12.2,124.0,119.0,98.0,28,1,56.0,Acrylic Silver,LWP-21O-ASV,227.5,261.3,214.8,176.8,候选 Acrylic Red 全期月销 12.2；同型号最佳 Acrylic Silver 月销 227.5
195,LMWP-12M-AC,LMWP-12M-AC,Metal Wall Plate,LMWP-12M,Antique Copper,Inactive,1,10.1,13.3,17.0,12.3,121.0,160.0,51.0,27,2,30.0,Brushed Brass,LMWP-12M-BB,535.6,416.8,609.2,644.2,候选 Antique Copper 全期月销 12.3；同型号最佳 Brushed Brass 月销 535.6
196,LMWP-11M-HC,LMWP-11M-HC,Metal Wall Plate,LMWP-11M,Hammered Chrome,Active,1,10.8,15.0,9.6,12.3,130.0,180.0,48.0,29,0,34.0,Brushed Brass,LMWP-11M-BB,497.6,406.4,496.4,719.0,候选 Hammered Chrome 全期月销 12.3；同型号最佳 Brushed Brass 月销 497.6
197,LMWP-34M-SS,LMWP-34M-SS,Metal Wall Plate,LMWP-34M,Stainless Steel,Inactive,1,10.6,12.8,15.4,12.4,117.0,153.0,77.0,28,1,37.0,Brushed Brass,LMWP-34M-BB,38.3,38.0,34.5,48.4,候选 Stainless Steel 全期月销 12.4；同型号最佳 Brushed Brass 月销 38.3
198,LWE8-315-GD,LWE8-315-GD,Outlet Extender,LWE8,Gold,Active,1,7.2,17.9,11.6,12.4,87.0,215.0,58.0,29,0,28.0,White,LWE8-3RAC2-W,119.2,152.5,110.8,72.8,候选 Gold 全期月销 12.4；同型号最佳 White 月销 119.2
199,LHS-FL-G-BKWP,LHS-FL-G-BKWP,Humidity Sensor,LHS-FL,Black,Active,1,11.9,12.0,14.2,12.4,83.0,144.0,71.0,24,5,28.0,White,LHS-FL-G-WWP,23.6,51.3,10.9,15.2,候选 Black 全期月销 12.4；同型号最佳 White 月销 23.6
200,LWP-31M-I,LWP-31M-I,Wall Plate,LWP-31M,Ivory,Active,1,5.0,22.4,7.6,12.7,60.0,269.0,38.0,29,0,37.0,White,LWP-31M-W,720.2,577.8,829.7,799.0,候选 Ivory 全期月销 12.7；同型号最佳 White 月销 720.2
201,LWP-21O-ABL,"LWP-21O-ABL, LWP-21O-ABL5P",Wall Plate,LWP-21O,Acrylic Blue,"Active, Inactive","1, 5",14.7,10.4,14.5,12.8,176.0,125.0,58.0,28,1,38.0,Acrylic Silver,LWP-21O-ASV,227.5,261.3,214.8,176.8,候选 Acrylic Blue 全期月销 12.8；同型号最佳 Acrylic Silver 月销 227.5
202,LSWP-34M-GY,LSWP-34M-GY,Screwless Wall Plate,LSWP-34M,Gray,Active,1,16.6,10.2,11.0,13.0,199.0,123.0,55.0,29,0,24.0,White,LSWP-34M-W,654.7,740.4,614.6,545.0,候选 Gray 全期月销 13.0；同型号最佳 White 月销 654.7
203,LWF-F-WWP,LWF-F-WWP,WIFI,LWF-F,White,Active,1,16.4,11.7,8.4,13.1,197.0,140.0,42.0,29,0,42.0,,,,,,,同型号没有其它颜色/版本可对比
204,LR15-FCN6,LR15-FCN6,Receptacle,LR15-FCN6,White,Active,1,15.7,11.8,11.0,13.3,188.0,142.0,55.0,29,0,43.0,,,,,,,同型号没有其它颜色/版本可对比
205,LMWP-1131M-PC,LMWP-1131M-PC,Metal Wall Plate,LMWP-1131M,Polished Chrome,Active,1,14.6,15.8,5.2,13.4,175.0,189.0,26.0,29,0,36.0,Brushed Brass,LMWP-1131M-BB,44.2,37.8,46.1,55.6,候选 Polished Chrome 全期月销 13.4；同型号最佳 Brushed Brass 月销 44.2
206,LMWP-32M-HAC,LMWP-32M-HAC,Metal Wall Plate,LMWP-32M,Hammered Antique Copper,Active,1,10.2,17.2,13.2,13.8,112.0,207.0,66.0,28,1,28.0,Brushed Brass,LMWP-32M-BB,374.5,343.8,358.3,487.2,候选 Hammered Antique Copper 全期月销 13.8；同型号最佳 Brushed Brass 月销 374.5
207,LMWP-22M-PB,LMWP-22M-PB,Metal Wall Plate,LMWP-22M,Polished Brass,Active,1,17.7,11.8,8.0,13.8,212.0,142.0,32.0,28,1,38.0,Stainless Steel,LMWP-22M-SS,39.4,41.3,42.1,25.8,候选 Polished Brass 全期月销 13.8；同型号最佳 Stainless Steel 月销 39.4
208,LU-PD30AC-BKWP,LU-PD30AC-BKWP2P,USB OUTLET,LU-PD30AC,Black,Active,2,16.8,12.5,11.2,14.1,202.0,138.0,56.0,28,1,54.0,Gold,LU-PD30AC-GDWP,200.0,78.5,213.3,289.2,候选 Black 全期月销 14.1；同型号最佳 Gold 月销 200.0
209,LCS1-1PTR-BR,LCS1-1PTR-BR,Combination Switch,LCS1-1PTR,Brown,Active,1,16.6,14.8,6.2,14.4,199.0,178.0,25.0,28,1,40.0,White,LCS1-1PTR-WSWP,105.3,180.1,66.2,19.4,候选 Brown 全期月销 14.4；同型号最佳 White 月销 105.3
210,LS15-3W-I,"LS15-3W-I, LS15-3W-I5P",Light Switch,LS15-3W,Ivory,"Active, Inactive","1, 5",15.8,14.1,12.8,14.5,174.0,169.0,64.0,28,1,39.0,Black,LS15-3W-BK,583.7,687.4,519.3,489.4,候选 Ivory 全期月销 14.5；同型号最佳 Black 月销 583.7
211,LCS3-1P-BK,LCS3-1P-BK,Combination Switch,LCS3-1P,Black,Active,1,19.2,10.5,0.0,14.8,230.0,126.0,0.0,24,5,31.0,White,LCS3-1P-WSWP,56.7,66.0,41.6,70.6,候选 Black 全期月销 14.8；同型号最佳 White 月销 56.7
212,LTS-2H-LAWP,LTS-2H-LAWP2P,Timer,LTS-2H,Light Almond,Active,2,13.8,18.3,8.8,14.9,138.0,220.0,44.0,27,2,50.0,White,LTS-2H-WWP,174.3,180.0,222.9,45.2,候选 Light Almond 全期月销 14.9；同型号最佳 White 月销 174.3
213,LSMWP-32M-PC,LSMWP-32M-PC,Metal Wall Plate,LSMWP-32M,Polished Chrome,Active,1,13.1,17.3,13.8,15.0,157.0,208.0,69.0,29,0,35.0,Brushed Brass,LSMWP-32M-BB,61.8,40.9,79.0,66.4,候选 Polished Chrome 全期月销 15.0；同型号最佳 Brushed Brass 月销 61.8
214,LPS-1P-LAWP,LPS-1P-LAWP2P,Sensor Switch,LPS-1P,Light Almond,Active,2,2.0,14.3,24.4,15.0,6.0,172.0,122.0,20,9,56.0,White,LPS-1P-WWP,35.0,31.9,49.2,8.4,候选 Light Almond 全期月销 15.0；同型号最佳 White 月销 35.0
215,LPS-1P-G-WWP,LPS-1P-G-WWP2P,Sensor Switch,LPS-1P-G,White,Active,2,29.7,6.4,2.0,15.0,208.0,58.0,4.0,18,11,64.0,Gold,LPS-1P-G-GDSWP,10.5,0.0,5.0,11.6,候选 White 全期月销 15.0；同型号最佳 Gold 月销 10.5
216,LWE8-315-SV,LWE8-315-SV,Outlet Extender,LWE8,Silver,Active,1,7.8,11.7,41.6,15.2,94.0,140.0,208.0,29,0,82.0,White,LWE8-3RAC2-W,119.2,152.5,110.8,72.8,候选 Silver 全期月销 15.2；同型号最佳 White 月销 119.2
217,LMWP-34M-AB,LMWP-34M-AB,Metal Wall Plate,LMWP-34M,Antique Brass,Active,1,15.6,15.1,0.0,15.4,187.0,136.0,0.0,21,8,45.0,Brushed Brass,LMWP-34M-BB,38.3,38.0,34.5,48.4,候选 Antique Brass 全期月销 15.4；同型号最佳 Brushed Brass 月销 38.3
218,LMWP-1131M-AB,LMWP-1131M-AB,Metal Wall Plate,LMWP-1131M,Antique Brass,Active,1,11.4,20.9,0.0,15.5,137.0,188.0,0.0,21,8,30.0,Brushed Brass,LMWP-1131M-BB,44.2,37.8,46.1,55.6,候选 Antique Brass 全期月销 15.5；同型号最佳 Brushed Brass 月销 44.2
219,LSWP-34M-BR,LSWP-34M-BR,Screwless Wall Plate,LSWP-34M,Brown,Active,1,15.1,17.8,12.2,15.8,181.0,213.0,49.0,28,1,39.0,White,LSWP-34M-W,654.7,740.4,614.6,545.0,候选 Brown 全期月销 15.8；同型号最佳 White 月销 654.7
220,LS15-4W-WSWP,LS15-4W-WSWP,Light Switch,LS15-4W,White,Active,1,14.8,16.9,0.0,15.8,178.0,186.0,0.0,23,6,59.0,Black,LS15-4W-BK,200.6,246.8,175.7,149.2,候选 White 全期月销 15.8；同型号最佳 Black 月销 200.6
221,LSWP-32M-SV,LSWP-32M-SV,Screwless Wall Plate,LSWP-32M,Silver,Active,1,18.3,14.0,15.0,16.0,220.0,168.0,75.0,29,0,41.0,White,LSWP-32M-W,3751.2,3808.0,3425.7,4396.0,候选 Silver 全期月销 16.0；同型号最佳 White 月销 3751.2
222,LWP-33M-LA,LWP-33M-LA,Wall Plate,LWP-33M,Light Almond,Active,1,8.7,19.1,26.0,16.0,104.0,229.0,130.0,29,0,43.0,White,LWP-33M-W,147.9,188.1,152.4,40.8,候选 Light Almond 全期月销 16.0；同型号最佳 White 月销 147.9
223,LCS2-1P-BR,LCS2-1P-BR,Combination Switch,LCS2-1P,Brown,Active,1,9.9,19.9,21.8,16.1,119.0,239.0,109.0,29,0,45.0,Black,LCS2-1P-BK,235.8,183.2,264.5,293.2,候选 Brown 全期月销 16.1；同型号最佳 Black 月销 235.8
224,LWP-34O-ASV,"LWP-34O-ASV, LWP-34O-ASV5P",Wall Plate,LWP-34O,Acrylic Silver,Active,"1, 5",20.6,13.8,11.6,16.2,247.0,165.0,58.0,29,0,32.0,Acrylic Gold,LWP-34O-AGD,4.7,4.6,5.2,3.8,候选 Acrylic Silver 全期月销 16.2；同型号最佳 Acrylic Gold 月销 4.7
225,LMWP-01M-PC,LMWP-01M-PC,Metal Wall Plate,LMWP-01M,Polished Chrome,Active,1,19.2,17.3,7.0,16.3,230.0,208.0,35.0,29,0,53.0,Stainless Steel,LMWP-01M-SS-,269.8,162.5,220.4,646.0,候选 Polished Chrome 全期月销 16.3；同型号最佳 Stainless Steel 月销 269.8
226,LU-6A3C2-BKWP,LU-6A3C2-BKWP,USB OUTLET,LU-6A3C2,Black,Active,1,17.5,14.4,18.0,16.3,210.0,173.0,90.0,29,0,42.0,White,LU-6A3C2-WWP,71.4,55.6,81.2,79.6,候选 Black 全期月销 16.3；同型号最佳 White 月销 71.4
227,LWP-34M-LA,LWP-34M-LA,Wall Plate,LWP-34M,Light Almond,Active,1,14.7,18.5,15.4,16.3,176.0,204.0,77.0,28,1,42.0,Black,LWP-34M-BK,75.3,85.8,85.4,29.8,候选 Light Almond 全期月销 16.3；同型号最佳 Black 月销 75.3
228,LMWP-12M-HAC,LMWP-12M-HAC,Metal Wall Plate,LMWP-12M,Hammered Antique Copper,Active,1,10.2,22.2,17.5,16.4,123.0,267.0,70.0,28,1,63.0,Brushed Brass,LMWP-12M-BB,535.6,416.8,609.2,644.2,候选 Hammered Antique Copper 全期月销 16.4；同型号最佳 Brushed Brass 月销 535.6
229,LDS-1P-BKWP,LDS-1P-BKWP2P,Dimmer,LDS-1P,Black,Active,2,27.2,10.7,4.8,16.7,326.0,118.0,24.0,28,1,44.0,White,LDS-1P-WWP,45.9,62.7,39.0,22.0,候选 Black 全期月销 16.7；同型号最佳 White 月销 45.9
230,LSWP-33M-NK,LSWP-33M-NK,Screwless Wall Plate,LSWP-33M,Nickel,Active,1,17.3,14.2,21.4,16.8,208.0,171.0,107.0,29,0,33.0,White,LSWP-33M-W,1279.6,1391.2,1214.6,1167.6,候选 Nickel 全期月销 16.8；同型号最佳 White 月销 1279.6
231,LMWP-13M-PC,LMWP-13M-PC,Metal Wall Plate,LMWP-13M,Polished Chrome,Active,1,20.8,14.9,11.8,16.8,249.0,179.0,59.0,29,0,31.0,Brushed Brass,LMWP-13M-BB,173.2,53.5,178.2,304.6,候选 Polished Chrome 全期月销 16.8；同型号最佳 Brushed Brass 月销 173.2
232,LDDS-1P-LAWP,LDDS-1P-LAWP2P,Dimmer,LDDS-1P,Light Almond,Active,2,17.0,17.0,16.4,16.9,204.0,204.0,82.0,29,0,42.0,White,LDDS-1P-WWP,319.0,341.1,269.6,384.8,候选 Light Almond 全期月销 16.9；同型号最佳 White 月销 319.0
233,LSWP-34M-BW,LSWP-34M-BW,Screwless Wall Plate,LSWP-34M,Brushed White,Active,1,19.9,14.1,16.8,17.0,239.0,169.0,84.0,29,0,36.0,White,LSWP-34M-W,654.7,740.4,614.6,545.0,候选 Brushed White 全期月销 17.0；同型号最佳 White 月销 654.7
234,LU-PD30AC-BRWP,LU-PD30AC-BRWP2P,USB OUTLET,LU-PD30AC,Brown,Active,2,17.1,19.2,12.0,17.1,188.0,230.0,60.0,28,1,44.0,Gold,LU-PD30AC-GDWP,200.0,78.5,213.3,289.2,候选 Brown 全期月销 17.1；同型号最佳 Gold 月销 200.0
235,LCS3-1P-BR,"LCS3-1P-BR, LCS3-1P-BR10P",Combination Switch,LCS3-1P,Brown,"Active, Inactive","1, 10",9.3,18.9,32.2,17.2,112.0,227.0,161.0,29,0,53.0,Black,LCS3-1P-BKSWP,63.1,52.7,75.8,57.6,候选 Brown 全期月销 17.2；同型号最佳 Black 月销 63.1
236,LSMWP-31M-BRG,LSMWP-31M-BRG,Metal Wall Plate,LSMWP-31M,Brushed Rose Gold,Active,1,14.3,21.8,13.6,17.3,172.0,262.0,68.0,29,0,46.0,Brushed Brass,LSMWP-31M-BB,171.2,116.7,234.3,118.0,候选 Brushed Rose Gold 全期月销 17.3；同型号最佳 Brushed Brass 月销 171.2
237,LMWP-31M-HC,LMWP-31M-HC,Metal Wall Plate,LMWP-31M,Hammered Chrome,Active,1,14.2,21.0,17.4,17.6,170.0,252.0,87.0,29,0,39.0,Brushed Brass,LMWP-31M-BB,1417.5,1299.3,1391.8,1762.6,候选 Hammered Chrome 全期月销 17.6；同型号最佳 Brushed Brass 月销 1417.5
238,LWP-31O-ARG,"LWP-31O-ARG, LWP-31O-ARG5P",Wall Plate,LWP-31O,Rose Gold,Active,"1, 5",19.6,16.9,14.6,17.6,235.0,203.0,73.0,29,0,41.0,Acrylic Silver,LWP-31O-ASV,411.9,532.8,333.9,309.2,候选 Rose Gold 全期月销 17.6；同型号最佳 Acrylic Silver 月销 411.9
239,LR15-4TR-W,LR15-4TR-W,Receptacle,LR15-4TR,White,Active,1,16.5,18.8,18.0,17.7,198.0,226.0,90.0,29,0,88.0,Black,LR15-4TR-BKWP,3.8,4.2,3.8,2.7,候选 White 全期月销 17.7；同型号最佳 Black 月销 3.8
240,LSWP-34M-ASV,LSWP-34M-ASV,Screwless Wall Plate,LSWP-34M,Silver,Active,1,16.4,18.8,20.0,18.0,197.0,226.0,100.0,29,0,29.0,White,LSWP-34M-W,654.7,740.4,614.6,545.0,候选 Silver 全期月销 18.0；同型号最佳 White 月销 654.7
241,LSWP-32M-SG,LSWP-32M-SG,Screwless Wall Plate,LSWP-32M,Space Gray,Active,1,16.7,15.3,28.4,18.1,200.0,184.0,142.0,29,0,49.0,White,LSWP-32M-W,3751.2,3808.0,3425.7,4396.0,候选 Space Gray 全期月销 18.1；同型号最佳 White 月销 3751.2
242,LWP-32M-GY,LWP-32M-GY,Wall Plate,LWP-32M,Gray,Active,1,14.1,17.7,29.8,18.3,169.0,212.0,149.0,29,0,53.0,White,LWP-32M-W,1109.0,888.2,1187.1,1451.4,候选 Gray 全期月销 18.3；同型号最佳 White 月销 1109.0
243,LCS2-1P-GYSWP,"LCS2-1P-GYSWP, LCS2-1P-GYSWP2P",Combination Switch,LCS2-1P,Gray,Active,"1, 2",16.8,20.3,18.4,18.5,201.0,244.0,92.0,29,0,51.0,Black,LCS2-1P-BK,235.8,183.2,264.5,293.2,候选 Gray 全期月销 18.5；同型号最佳 Black 月销 235.8
244,LWP-21O-ABK,"LWP-21O-ABK, LWP-21O-ABK5P",Wall Plate,LWP-21O,Acrylic Black,Active,"1, 5",23.1,12.2,22.6,18.5,277.0,147.0,113.0,29,0,76.0,Acrylic Silver,LWP-21O-ASV,227.5,261.3,214.8,176.8,候选 Acrylic Black 全期月销 18.5；同型号最佳 Acrylic Silver 月销 227.5
245,LSWP-01M-NK,LSWP-01M-NK10P,Screwless Wall Plate,LSWP-01M,Nickel,Active,10,24.4,13.3,16.7,18.6,220.0,120.0,50.0,21,8,60.0,White,LSWP-01M-W,736.7,1066.2,547.2,400.6,候选 Nickel 全期月销 18.6；同型号最佳 White 月销 736.7
246,LSMWP-32M-PB,LSMWP-32M-PB,Metal Wall Plate,LSMWP-32M,Polished Brass,Active,1,26.1,12.7,15.0,18.6,313.0,152.0,75.0,29,0,37.0,Brushed Brass,LSMWP-32M-BB,61.8,40.9,79.0,66.4,候选 Polished Brass 全期月销 18.6；同型号最佳 Brushed Brass 月销 61.8
247,LSWP-32M-BSG,LSWP-32M-BSG,Screwless Wall Plate,LSWP-32M,Space Gray,Active,1,23.1,16.8,12.4,18.6,277.0,201.0,62.0,29,0,37.0,White,LSWP-32M-W,3751.2,3808.0,3425.7,4396.0,候选 Space Gray 全期月销 18.6；同型号最佳 White 月销 3751.2
248,LS15E-1P-BBKSBWP,LS15E-1P-BBKSBWP5P,Light Switch,LS15E-1P,Brushed Black,Active,5,20.0,21.7,11.0,18.7,40.0,260.0,55.0,19,10,55.0,Brushed Gold,LS15E-1P-BGD,577.2,0.0,390.5,726.6,候选 Brushed Black 全期月销 18.7；同型号最佳 Brushed Gold 月销 577.2
249,LMWP-14M-PB,LMWP-14M-PB,Metal Wall Plate,LMWP-14M,Polished Brass,Active,1,24.1,15.9,12.8,18.8,289.0,191.0,64.0,29,0,44.0,Brushed Brass,LMWP-14M-BB,39.4,24.6,48.1,54.2,候选 Polished Brass 全期月销 18.8；同型号最佳 Brushed Brass 月销 39.4
250,LMWP-14M-SS,LMWP-14M-SS,Metal Wall Plate,LMWP-14M,Stainless Steel,Active,1,27.2,12.0,15.4,18.9,326.0,144.0,77.0,29,0,40.0,Brushed Brass,LMWP-14M-BB,39.4,24.6,48.1,54.2,候选 Stainless Steel 全期月销 18.9；同型号最佳 Brushed Brass 月销 39.4
251,LMWP-32M-AC,LMWP-32M-AC,Metal Wall Plate,LMWP-32M,Antique Copper,Active,1,19.2,20.9,13.0,18.9,231.0,251.0,65.0,29,0,43.0,Brushed Brass,LMWP-32M-BB,374.5,343.8,358.3,487.2,候选 Antique Copper 全期月销 18.9；同型号最佳 Brushed Brass 月销 374.5
252,LU-PD30AC-WWP,"LU-PD30AC-WWP, LU-PD30AC-WWP2P",USB OUTLET,LU-PD30AC,White,Active,"1, 2",19.9,17.6,19.4,18.9,239.0,211.0,97.0,29,0,62.0,Gold,LU-PD30AC-GDWP,200.0,78.5,213.3,289.2,候选 White 全期月销 18.9；同型号最佳 Gold 月销 200.0
253,LR15-4TR-WWP,LR15-4TR-WWP,Receptacle,LR15-4TR,White,Active,1,26.0,15.0,12.2,19.1,312.0,180.0,61.0,29,0,83.0,Black,LR15-4TR-BKWP,3.8,4.2,3.8,2.7,候选 White 全期月销 19.1；同型号最佳 Black 月销 3.8
254,LWP-1131O-ASV,"LWP-1131O-ASV, LWP-1131O-ASV5P",Wall Plate,LWP-1131O,Acrylic Silver,Active,"1, 5",22.8,20.2,7.2,19.1,274.0,243.0,36.0,29,0,38.0,Acrylic Gold,LWP-1131O-AGD,9.2,8.1,12.4,3.2,候选 Acrylic Silver 全期月销 19.1；同型号最佳 Acrylic Gold 月销 9.2
255,LMWP-1131M-SS,LMWP-1131M-SS,Metal Wall Plate,LMWP-1131M,Stainless Steel,Active,1,9.2,22.0,24.0,19.1,55.0,264.0,120.0,23,6,48.0,Brushed Brass,LMWP-1131M-BB,44.2,37.8,46.1,55.6,候选 Stainless Steel 全期月销 19.1；同型号最佳 Brushed Brass 月销 44.2
256,LWP-31M-GY,LWP-31M-GY,Wall Plate,LWP-31M,Gray,Active,1,12.9,24.7,21.6,19.3,155.0,296.0,108.0,29,0,52.0,White,LWP-31M-W,720.2,577.8,829.7,799.0,候选 Gray 全期月销 19.3；同型号最佳 White 月销 720.2
257,LSWP-01M-SG,LSWP-01M-SG10P,Screwless Wall Plate,LSWP-01M,Space Gray,Active,10,21.1,20.0,15.0,19.5,190.0,160.0,60.0,21,8,40.0,White,LSWP-01M-W,736.7,1066.2,547.2,400.6,候选 Space Gray 全期月销 19.5；同型号最佳 White 月销 736.7
258,LU-PD30AC-SGWP,LU-PD30AC-SGWP,USB OUTLET,LU-PD30AC,Space Gray,Inactive,1,7.0,24.9,17.4,19.7,28.0,299.0,87.0,21,8,69.0,Gold,LU-PD30AC-GDWP,200.0,78.5,213.3,289.2,候选 Space Gray 全期月销 19.7；同型号最佳 Gold 月销 200.0
259,LSWP-33M-BSV,LSWP-33M-BSV,Screwless Wall Plate,LSWP-33M,Brushed Silver,Active,1,20.1,20.6,17.0,19.8,241.0,247.0,85.0,29,0,49.0,White,LSWP-33M-W,1279.6,1391.2,1214.6,1167.6,候选 Brushed Silver 全期月销 19.8；同型号最佳 White 月销 1279.6
260,LTS-30M-G-WWP,LTS-30M-G-WWP,Timer,LTS-30M,White,Active,1,31.2,13.0,4.8,19.9,375.0,143.0,19.0,27,2,68.0,Light Almond,LTS-30M-LAWP,8.7,9.5,7.5,9.6,候选 White 全期月销 19.9；同型号最佳 Light Almond 月销 8.7
261,LSWP-33M-ASV,LSWP-33M-ASV,Screwless Wall Plate,LSWP-33M,Silver,Active,1,18.6,21.1,25.2,20.8,223.0,253.0,126.0,29,0,34.0,White,LSWP-33M-W,1279.6,1391.2,1214.6,1167.6,候选 Silver 全期月销 20.8；同型号最佳 White 月销 1279.6
262,LR15E-TR-BWSBWP,"LR15E-TR-BWSBWP, LR15E-TR-BWSBWP5P",Receptacle,LR15E-TR,Brushed White,Active,"1, 5",37.0,14.9,25.8,20.9,111.0,179.0,129.0,20,9,67.0,Black,LR15E-TR-BK,730.4,1142.2,653.3,174.0,候选 Brushed White 全期月销 20.9；同型号最佳 Black 月销 730.4
263,LWP-21O-ARG,"LWP-21O-ARG, LWP-21O-ARG5P",Wall Plate,LWP-21O,Rose Gold,Active,"1, 5",22.5,22.4,14.8,21.4,270.0,269.0,59.0,28,1,45.0,Acrylic Silver,LWP-21O-ASV,227.5,261.3,214.8,176.8,候选 Rose Gold 全期月销 21.4；同型号最佳 Acrylic Silver 月销 227.5
264,LU-PD30AC-SVWP,LU-PD30AC-SVWP,USB OUTLET,LU-PD30AC,Silver,Inactive,1,19.5,16.2,36.0,21.5,78.0,194.0,180.0,21,8,46.0,Gold,LU-PD30AC-GDWP,200.0,78.5,213.3,289.2,候选 Silver 全期月销 21.5；同型号最佳 Gold 月销 200.0
265,LTU-PD65AC2-W,LTU-PD65AC2-W,Desk Grommet,LTU-PD65AC2,White,Active,1,16.0,28.0,8.2,21.5,32.0,336.0,41.0,19,10,51.0,Black,LTU-PD65AC2-BK,67.9,21.0,94.5,23.0,候选 White 全期月销 21.5；同型号最佳 Black 月销 67.9
266,LWP-33M-BR,LWP-33M-BR,Wall Plate,LWP-33M,Brown,Active,1,12.2,31.2,22.6,21.8,146.0,374.0,113.0,29,0,43.0,White,LWP-33M-W,147.9,188.1,152.4,40.8,候选 Brown 全期月销 21.8；同型号最佳 White 月销 147.9
267,LSWP-32M-AGD,LSWP-32M-AGD,Screwless Wall Plate,LSWP-32M,Gold,Active,1,29.2,18.8,11.6,21.9,351.0,225.0,58.0,29,0,48.0,White,LSWP-32M-W,3751.2,3808.0,3425.7,4396.0,候选 Gold 全期月销 21.9；同型号最佳 White 月销 3751.2
268,LSWP-33M-BBK,LSWP-33M-BBK,Screwless Wall Plate,LSWP-33M,Brushed Black,Active,1,23.8,20.4,21.6,22.0,285.0,245.0,108.0,29,0,41.0,White,LSWP-33M-W,1279.6,1391.2,1214.6,1167.6,候选 Brushed Black 全期月销 22.0；同型号最佳 White 月销 1279.6
269,LCS3-1P-W,LCS3-1P-W,Combination Switch,LCS3-1P,White,Active,1,15.4,28.2,25.0,22.4,185.0,339.0,125.0,29,0,61.0,Black,LCS3-1P-BKSWP,63.1,52.7,75.8,57.6,候选 White 全期月销 22.4；同型号最佳 Black 月销 63.1
270,LMWP-12M-HB,LMWP-12M-HB,Metal Wall Plate,LMWP-12M,Hammered Brass,Active,1,22.5,23.6,22.0,22.9,270.0,283.0,110.0,29,0,46.0,Brushed Brass,LMWP-12M-BB,535.6,416.8,609.2,644.2,候选 Hammered Brass 全期月销 22.9；同型号最佳 Brushed Brass 月销 535.6
271,LGL-15TR-WWP,"LGL-15TR-WWP, LGL-15TR-WWP2P",Guide Light,LGL-15TR,White,Active,"1, 2",20.1,25.7,23.0,22.9,241.0,308.0,115.0,29,0,46.0,Gold,LGL-15TR-GDSWP,28.8,0.0,10.0,40.0,候选 White 全期月销 22.9；同型号最佳 Gold 月销 28.8
272,LMWP-11M-BBL,LMWP-11M-BBL,Metal Wall Plate,LMWP-11M,Brushed Blue,Active,1,24.0,26.2,14.0,23.2,288.0,315.0,70.0,29,0,55.0,Brushed Brass,LMWP-11M-BB,497.6,406.4,496.4,719.0,候选 Brushed Blue 全期月销 23.2；同型号最佳 Brushed Brass 月销 497.6
273,LMWP-11M-PC,LMWP-11M-PC,Metal Wall Plate,LMWP-11M,Polished Chrome,Active,1,32.4,18.2,14.2,23.4,389.0,218.0,71.0,29,0,65.0,Brushed Brass,LMWP-11M-BB,497.6,406.4,496.4,719.0,候选 Polished Chrome 全期月销 23.4；同型号最佳 Brushed Brass 月销 497.6
274,LU-6AC2-WWP,LU-6AC2-WWP,USB OUTLET,LU-6AC2,White,Inactive,1,27.4,23.4,14.6,23.4,301.0,281.0,73.0,28,1,49.0,Gold,LU-6AC2-GDWP,126.6,0.0,151.0,112.0,候选 White 全期月销 23.4；同型号最佳 Gold 月销 126.6
275,LSWP-34M-BNK,LSWP-34M-BNK,Screwless Wall Plate,LSWP-34M,Brushed Nickel,Active,1,21.2,26.3,21.8,23.4,254.0,316.0,109.0,29,0,45.0,White,LSWP-34M-W,654.7,740.4,614.6,545.0,候选 Brushed Nickel 全期月销 23.4；同型号最佳 White 月销 654.7
276,LWP-34M-BR,LWP-34M-BR,Wall Plate,LWP-34M,Brown,Active,1,13.6,32.4,29.2,23.4,163.0,324.0,146.0,27,2,63.0,Black,LWP-34M-BK,75.3,85.8,85.4,29.8,候选 Brown 全期月销 23.4；同型号最佳 Black 月销 75.3
277,LSMWP-02M-SS,LSMWP-02M-SS,Metal Wall Plate,LSMWP-02M,Stainless Steel,Active,1,27.1,18.9,25.6,23.4,325.0,227.0,128.0,29,0,74.0,Brushed Brass,LSMWP-02M-BB,5.7,5.2,6.7,4.4,候选 Stainless Steel 全期月销 23.4；同型号最佳 Brushed Brass 月销 5.7
278,LHS-FL-G-WWP,"LHS-FL-G-WWP, LHS-FL-G-WWP2P",Humidity Sensor,LHS-FL,White,Active,"1, 2",51.3,10.9,15.2,23.6,359.0,131.0,76.0,24,5,78.0,Black,LHS-FL-G-BKWP,12.4,11.9,12.0,14.2,候选 White 全期月销 23.6；同型号最佳 Black 月销 12.4
279,LSWP-32M-NK,LSWP-32M-NK,Screwless Wall Plate,LSWP-32M,Nickel,Active,1,18.6,20.5,43.4,23.7,223.0,246.0,217.0,29,0,52.0,White,LSWP-32M-W,3751.2,3808.0,3425.7,4396.0,候选 Nickel 全期月销 23.7；同型号最佳 White 月销 3751.2
280,LMWP-32M-HAB,LMWP-32M-HAB,Metal Wall Plate,LMWP-32M,Hammered Antique Brass,Active,1,21.4,25.2,26.8,23.9,257.0,302.0,134.0,29,0,52.0,Brushed Brass,LMWP-32M-BB,374.5,343.8,358.3,487.2,候选 Hammered Antique Brass 全期月销 23.9；同型号最佳 Brushed Brass 月销 374.5
281,LGL-15TR-LAWP,LGL-15TR-LAWP2P,Guide Light,LGL-15TR,Light Almond,Active,2,13.2,24.0,51.2,24.2,158.0,288.0,256.0,29,0,92.0,Gold,LGL-15TR-GDSWP,28.8,0.0,10.0,40.0,候选 Light Almond 全期月销 24.2；同型号最佳 Gold 月销 28.8
282,LWP-12O-AGD,"LWP-12O-AGD, LWP-12O-AGD5P",Wall Plate,LWP-12O,Acrylic Gold,Active,"1, 5",35.0,17.7,15.6,24.5,420.0,212.0,78.0,29,0,47.0,Acrylic Silver,LWP-12O-ASV,35.6,57.3,23.4,12.4,候选 Acrylic Gold 全期月销 24.5；同型号最佳 Acrylic Silver 月销 35.6
283,LGL-15TR-BKWP,LGL-15TR-BKWP2P,Guide Light,LGL-15TR,Black,Active,2,22.5,21.0,39.2,24.8,270.0,252.0,196.0,29,0,68.0,Gold,LGL-15TR-GDSWP,28.8,0.0,10.0,40.0,候选 Black 全期月销 24.8；同型号最佳 Gold 月销 28.8
284,LSWP-01M-GY,LSWP-01M-GY10P,Screwless Wall Plate,LSWP-01M,Gray,Active,10,23.6,30.9,12.5,25.0,260.0,340.0,50.0,26,3,70.0,White,LSWP-01M-W,736.7,1066.2,547.2,400.6,候选 Gray 全期月销 25.0；同型号最佳 White 月销 736.7
285,LSMWP-01M-SS,LSMWP-01M-SS,Metal Wall Plate,LSMWP-01M,Stainless Steel,Active,1,29.4,21.0,24.4,25.1,353.0,252.0,122.0,29,0,60.0,Brushed Brass,LSMWP-01M-BB,9.0,7.8,9.2,11.4,候选 Stainless Steel 全期月销 25.1；同型号最佳 Brushed Brass 月销 9.0
286,LS15-3W-SV,"LS15-3W-SV, LS15-3W-SV5P",Light Switch,LS15-3W,Silver,Active,"1, 5",23.2,25.9,27.8,25.1,279.0,311.0,139.0,29,0,54.0,Black,LS15-3W-BK,583.7,687.4,519.3,489.4,候选 Silver 全期月销 25.1；同型号最佳 Black 月销 583.7
287,LMWP-1131M-PB,LMWP-1131M-PB,Metal Wall Plate,LMWP-1131M,Polished Brass,Active,1,24.1,31.6,12.6,25.2,289.0,379.0,63.0,29,0,55.0,Brushed Brass,LMWP-1131M-BB,44.2,37.8,46.1,55.6,候选 Polished Brass 全期月销 25.2；同型号最佳 Brushed Brass 月销 44.2
288,LWP-41O-ABK,"LWP-41O-ABK, LWP-41O-ABK5P",Wall Plate,LWP-41O,Acrylic Black,"Active, Inactive","1, 5",20.1,35.2,5.0,25.5,201.0,422.0,15.0,25,4,93.0,Acrylic Gold,LWP-41O-AGD,11.0,9.2,16.0,4.0,候选 Acrylic Black 全期月销 25.5；同型号最佳 Acrylic Gold 月销 11.0
289,LSWP-33M-BR,LSWP-33M-BR,Screwless Wall Plate,LSWP-33M,Brown,Active,1,18.2,28.3,36.8,25.6,219.0,340.0,184.0,29,0,51.0,White,LSWP-33M-W,1279.6,1391.2,1214.6,1167.6,候选 Brown 全期月销 25.6；同型号最佳 White 月销 1279.6
290,LMWP-33M-PC,LMWP-33M-PC,Metal Wall Plate,LMWP-33M,Polished Chrome,Active,1,23.7,26.2,29.2,25.7,284.0,315.0,146.0,29,0,44.0,Brushed Brass,LMWP-33M-BB,105.1,99.9,106.2,115.2,候选 Polished Chrome 全期月销 25.7；同型号最佳 Brushed Brass 月销 105.1
291,LSWP-33M-BW,LSWP-33M-BW,Screwless Wall Plate,LSWP-33M,Brushed White,Active,1,27.8,21.5,31.0,25.7,333.0,258.0,155.0,29,0,46.0,White,LSWP-33M-W,1279.6,1391.2,1214.6,1167.6,候选 Brushed White 全期月销 25.7；同型号最佳 White 月销 1279.6
292,LWP-32O-AGD,"LWP-32O-AGD, LWP-32O-AGD5P",Wall Plate,LWP-32O,Acrylic Gold,Active,"1, 5",22.2,30.5,22.8,25.7,266.0,366.0,114.0,29,0,66.0,Acrylic Silver,LWP-32O-ASV,75.8,92.9,73.2,40.8,候选 Acrylic Gold 全期月销 25.7；同型号最佳 Acrylic Silver 月销 75.8
293,LMWP-21M-HC,LMWP-21M-HC,Metal Wall Plate,LMWP-21M,Hammered Chrome,Active,1,17.9,31.8,29.4,25.9,197.0,382.0,147.0,28,1,67.0,Stainless Steel,LMWP-21M-SS-,1545.9,939.6,1939.2,2057.0,候选 Hammered Chrome 全期月销 25.9；同型号最佳 Stainless Steel 月销 1545.9
294,LTU-RPD36AC2-BK,LTU-RPD36AC2-BK,Desk Grommet,LTU-RPD36AC2,Black,Active,1,25.0,29.2,19.4,26.2,50.0,350.0,97.0,19,10,64.0,White,LTU-RPD36AC2-W,48.5,26.5,68.2,10.0,候选 Black 全期月销 26.2；同型号最佳 White 月销 48.5
295,LDDS-1P-BKWP,LDDS-1P-BKWP2P,Dimmer,LDDS-1P,Black,Active,2,27.7,21.5,34.0,26.2,332.0,258.0,170.0,29,0,58.0,White,LDDS-1P-WWP,319.0,341.1,269.6,384.8,候选 Black 全期月销 26.2；同型号最佳 White 月销 319.0
296,LGL-3W-BKWP,"LGL-3W-BKWP, LGL-3W-BKWP2P",Guide Light,LGL-3W,Black,"Active, Inactive","1, 2",19.2,31.2,32.2,26.4,230.0,374.0,161.0,29,0,100.0,White,LGL-3W-WWP,37.4,54.8,24.2,27.6,候选 Black 全期月销 26.4；同型号最佳 White 月销 37.4
297,LMWP-11M-HB,LMWP-11M-HB,Metal Wall Plate,LMWP-11M,Hammered Brass,Active,1,28.2,25.8,23.4,26.4,339.0,309.0,117.0,29,0,52.0,Brushed Brass,LMWP-11M-BB,497.6,406.4,496.4,719.0,候选 Hammered Brass 全期月销 26.4；同型号最佳 Brushed Brass 月销 497.6
298,LWE3-315-GD,LWE3-315-GD,Outlet Extender,LWE3,Gold,Active,1,22.1,31.1,32.2,27.2,265.0,280.0,161.0,26,3,64.0,White,LWE3-315-W,9608.3,6464.7,11922.4,11599.2,候选 Gold 全期月销 27.2；同型号最佳 White 月销 9608.3
299,LWP-31O-ABK,"LWP-31O-ABK, LWP-31O-ABK5P",Wall Plate,LWP-31O,Acrylic Black,Active,"1, 5",36.8,20.7,19.8,27.2,441.0,248.0,99.0,29,0,73.0,Acrylic Silver,LWP-31O-ASV,411.9,532.8,333.9,309.2,候选 Acrylic Black 全期月销 27.2；同型号最佳 Acrylic Silver 月销 411.9
300,LMWP-11M-HAC,LMWP-11M-HAC,Metal Wall Plate,LMWP-11M,Hammered Antique Copper,Active,1,18.8,31.0,38.6,27.3,226.0,372.0,193.0,29,0,60.0,Brushed Brass,LMWP-11M-BB,497.6,406.4,496.4,719.0,候选 Hammered Antique Copper 全期月销 27.3；同型号最佳 Brushed Brass 月销 497.6
301,LMWP-13M-HAB,LMWP-13M-HAB,Metal Wall Plate,LMWP-13M,Hammered Antique Brass,Active,1,25.0,32.3,1.0,27.4,275.0,355.0,1.0,23,6,73.0,Brushed Brass,LMWP-13M-BB,173.2,53.5,178.2,304.6,候选 Hammered Antique Brass 全期月销 27.4；同型号最佳 Brushed Brass 月销 173.2
302,LMWP-12M-PC,LMWP-12M-PC,Metal Wall Plate,LMWP-12M,Polished Chrome,Active,1,33.4,23.7,23.2,27.6,401.0,284.0,116.0,29,0,47.0,Brushed Brass,LMWP-12M-BB,535.6,416.8,609.2,644.2,候选 Polished Chrome 全期月销 27.6；同型号最佳 Brushed Brass 月销 535.6
303,LWP-32M-BR,LWP-32M-BR,Wall Plate,LWP-32M,Brown,Active,1,23.6,29.1,33.8,27.6,283.0,349.0,169.0,29,0,68.0,White,LWP-32M-W,1109.0,888.2,1187.1,1451.4,候选 Brown 全期月销 27.6；同型号最佳 White 月销 1109.0
304,LR20-TR-LA,LR20-TR-LA,Receptacle,LR20-TR,Light Almond,Active,1,15.5,31.6,50.2,28.1,186.0,379.0,251.0,29,0,165.0,Gold,LR20-TR-GD,383.9,277.6,448.1,485.2,候选 Light Almond 全期月销 28.1；同型号最佳 Gold 月销 383.9
305,LSWP-32M-I,"LSWP-32M-I, LSWP-32M-I10P",Screwless Wall Plate,LSWP-32M,Ivory,Active,"1, 10",25.1,19.5,58.8,28.6,301.0,234.0,294.0,29,0,85.0,White,LSWP-32M-W,3751.2,3808.0,3425.7,4396.0,候选 Ivory 全期月销 28.6；同型号最佳 White 月销 3751.2
306,LMWP-13M-SS,LMWP-13M-SS,Metal Wall Plate,LMWP-13M,Stainless Steel,Inactive,1,19.2,21.2,70.0,28.8,231.0,254.0,350.0,29,0,92.0,Brushed Brass,LMWP-13M-BB,173.2,53.5,178.2,304.6,候选 Stainless Steel 全期月销 28.8；同型号最佳 Brushed Brass 月销 173.2
307,LS15E-3W-BBK,LS15E-3W-BBK5P,Light Switch,LS15E-3W,Brushed Black,Active,5,23.0,30.8,30.0,28.9,115.0,370.0,150.0,22,7,100.0,White,LS15E-3W-W,497.0,722.0,370.3,351.2,候选 Brushed Black 全期月销 28.9；同型号最佳 White 月销 497.0
308,LE5S-6SAC2-BK,LE5S-6SAC2-BK,Outlet Extender,LE5S,Black,Active,1,40.3,25.7,16.6,29.4,403.0,308.0,83.0,27,2,87.0,White,LE5S-4RAC2-W,176.2,197.5,185.2,112.0,候选 Black 全期月销 29.4；同型号最佳 White 月销 176.2
309,LMWP-31M-HAC,LMWP-31M-HAC,Metal Wall Plate,LMWP-31M,Hammered Antique Copper,Active,1,19.2,37.3,36.4,29.7,230.0,448.0,182.0,29,0,75.0,Brushed Brass,LMWP-31M-BB,1417.5,1299.3,1391.8,1762.6,候选 Hammered Antique Copper 全期月销 29.7；同型号最佳 Brushed Brass 月销 1417.5
310,LHS-F-G-BKWP,LHS-F-G-BKWP2P,Humidity Sensor,LHS-F,Black,Active,2,17.0,34.0,50.5,29.8,170.0,374.0,202.0,25,4,72.0,White,LHS-F-G-WWP,66.3,84.9,61.8,40.0,候选 Black 全期月销 29.8；同型号最佳 White 月销 66.3
311,LR20-TR-SV,"LR20-TR-SV, LR20-TR-SV5P",Receptacle,LR20-TR,Silver,Active,"1, 5",15.4,41.2,41.2,30.5,185.0,494.0,206.0,29,0,119.0,Gold,LR20-TR-GD,383.9,277.6,448.1,485.2,候选 Silver 全期月销 30.5；同型号最佳 Gold 月销 383.9
312,LSMWP-32M-SS,LSMWP-32M-SS,Metal Wall Plate,LSMWP-32M,Stainless Steel,Active,1,39.1,24.2,29.6,31.3,469.0,290.0,148.0,29,0,64.0,Brushed Brass,LSMWP-32M-BB,61.8,40.9,79.0,66.4,候选 Stainless Steel 全期月销 31.3；同型号最佳 Brushed Brass 月销 61.8
313,LR20-TR-GY,"LR20-TR-GY, LR20-TR-GY5P",Receptacle,LR20-TR,Gray,Active,"1, 5",39.6,27.2,21.8,31.4,475.0,327.0,109.0,29,0,105.0,Gold,LR20-TR-GD,383.9,277.6,448.1,485.2,候选 Gray 全期月销 31.4；同型号最佳 Gold 月销 383.9
314,LWP-32M-LA,LWP-32M-LA,Wall Plate,LWP-32M,Light Almond,Active,1,12.7,43.0,49.2,31.5,152.0,516.0,246.0,29,0,114.0,White,LWP-32M-W,1109.0,888.2,1187.1,1451.4,候选 Light Almond 全期月销 31.5；同型号最佳 White 月销 1109.0
315,LMWP-13M-AB,LMWP-13M-AB,Metal Wall Plate,LMWP-13M,Antique Brass,Active,1,28.9,39.8,10.7,31.7,347.0,477.0,32.0,27,2,105.0,Brushed Brass,LMWP-13M-BB,173.2,53.5,178.2,304.6,候选 Antique Brass 全期月销 31.7；同型号最佳 Brushed Brass 月销 173.2
316,LS15-3W-SG,"LS15-3W-SG, LS15-3W-SG5P",Light Switch,LS15-3W,Space Gray,Active,"1, 5",31.8,23.5,52.6,32.0,382.0,282.0,263.0,29,0,124.0,Black,LS15-3W-BK,583.7,687.4,519.3,489.4,候选 Space Gray 全期月销 32.0；同型号最佳 Black 月销 583.7
317,LWP-11O-AGD,"LWP-11O-AGD, LWP-11O-AGD5P",Wall Plate,LWP-11O,Acrylic Gold,Active,"1, 5",44.7,24.7,20.4,32.2,536.0,296.0,102.0,29,0,73.0,Acrylic Silver,LWP-11O-ASV,70.6,98.0,56.5,38.8,候选 Acrylic Gold 全期月销 32.2；同型号最佳 Acrylic Silver 月销 70.6
318,LSWP-01M-BR,LSWP-01M-BR10P,Screwless Wall Plate,LSWP-01M,Brown,Active,10,32.2,26.4,50.0,32.5,290.0,290.0,200.0,24,5,120.0,White,LSWP-01M-W,736.7,1066.2,547.2,400.6,候选 Brown 全期月销 32.5；同型号最佳 White 月销 736.7
319,LSWP-32M-BLA,LSWP-32M-BLA10P,Screwless Wall Plate,LSWP-32M,Light Almond,Active,10,29.1,39.2,26.0,32.9,320.0,470.0,130.0,28,1,80.0,White,LSWP-32M-W,3751.2,3808.0,3425.7,4396.0,候选 Light Almond 全期月销 32.9；同型号最佳 White 月销 3751.2
320,LE5S-4RAC2-BK,LE5S-4RAC2-BK,Outlet Extender,LE5S,Black,Active,1,36.5,36.8,16.8,33.0,365.0,441.0,84.0,27,2,77.0,White,LE5S-4RAC2-W,176.2,197.5,185.2,112.0,候选 Black 全期月销 33.0；同型号最佳 White 月销 176.2
321,LMWP-21M-AC,LMWP-21M-AC,Metal Wall Plate,LMWP-21M,Antique Copper,Active,1,28.6,34.4,41.2,33.2,343.0,413.0,206.0,29,0,95.0,Stainless Steel,LMWP-21M-SS-,1545.9,939.6,1939.2,2057.0,候选 Antique Copper 全期月销 33.2；同型号最佳 Stainless Steel 月销 1545.9
322,LS15E-3W-BW,LS15E-3W-BW5P,Light Switch,LS15E-3W,Brushed White,Active,5,33.0,31.8,37.0,33.3,165.0,350.0,185.0,21,8,85.0,White,LS15E-3W-W,497.0,722.0,370.3,351.2,候选 Brushed White 全期月销 33.3；同型号最佳 White 月销 497.0
323,LMWP-22M-BB,LMWP-22M-BB,Metal Wall Plate,LMWP-22M,Brushed Brass,Active,1,30.7,33.3,40.4,33.4,368.0,400.0,202.0,29,0,75.0,Stainless Steel,LMWP-22M-SS,39.4,41.3,42.1,25.8,候选 Brushed Brass 全期月销 33.4；同型号最佳 Stainless Steel 月销 39.4
324,LSWP-34M-LA,LSWP-34M-LA,Screwless Wall Plate,LSWP-34M,Light Almond,Active,1,29.4,33.2,43.8,33.4,353.0,398.0,219.0,29,0,70.0,White,LSWP-34M-W,654.7,740.4,614.6,545.0,候选 Light Almond 全期月销 33.4；同型号最佳 White 月销 654.7
325,LMWP-1121M-SS,LMWP-1121M-SS,Metal Wall Plate,LMWP-1121M,Stainless Steel,Active,1,11.0,35.4,73.8,33.5,110.0,425.0,369.0,27,2,154.0,Brushed Brass,LMWP-1121M-BB,50.1,36.7,51.8,78.0,候选 Stainless Steel 全期月销 33.5；同型号最佳 Brushed Brass 月销 50.1
326,LSWP-32M-BGY,"LSWP-32M-BGY, LSWP-32M-BGY10P",Screwless Wall Plate,LSWP-32M,Brushed Gray,"Active, Inactive","1, 10",27.5,36.5,39.2,34.0,220.0,365.0,196.0,23,6,80.0,White,LSWP-32M-W,3751.2,3808.0,3425.7,4396.0,候选 Brushed Gray 全期月销 34.0；同型号最佳 White 月销 3751.2
327,LDFS-1P3S-WWP,"LDFS-1P3S-WWP, LDFS-1P3S-WWP2P",Dimmer,LDFS-1P3S,White,Active,"1, 2",42.9,34.0,14.0,34.2,515.0,408.0,70.0,29,0,71.0,Black,LDFS-1P3S-BKWP,47.9,38.3,52.5,60.8,候选 White 全期月销 34.2；同型号最佳 Black 月销 47.9
328,LPS-1P-WWP,"LPS-1P-WWP, LPS-1P-WWP2P",Sensor Switch,LPS-1P,White,Active,"1, 2",31.9,49.2,8.4,35.0,383.0,590.0,42.0,29,0,79.0,Light Almond,LPS-1P-LAWP,15.0,2.0,14.3,24.4,候选 White 全期月销 35.0；同型号最佳 Light Almond 月销 15.0
329,LWE8-315-LA,LWE8-315-LA,Outlet Extender,LWE8,Light Almond,Active,1,25.6,45.5,34.2,35.0,307.0,501.0,137.0,27,2,75.0,White,LWE8-3RAC2-W,119.2,152.5,110.8,72.8,候选 Light Almond 全期月销 35.0；同型号最佳 White 月销 119.2
330,LSWP-32M-BSV,LSWP-32M-BSV,Screwless Wall Plate,LSWP-32M,Brushed Silver,Active,1,33.7,37.8,32.2,35.1,404.0,453.0,161.0,29,0,70.0,White,LSWP-32M-W,3751.2,3808.0,3425.7,4396.0,候选 Brushed Silver 全期月销 35.1；同型号最佳 White 月销 3751.2
331,LWE3-315-NK,LWE3-315-NK,Outlet Extender,LWE3,Nickel,Active,1,36.3,37.3,28.8,35.3,436.0,373.0,144.0,27,2,73.0,White,LWE3-315-W,9608.3,6464.7,11922.4,11599.2,候选 Nickel 全期月销 35.3；同型号最佳 White 月销 9608.3
332,LWP-12O-ASV,"LWP-12O-ASV, LWP-12O-ASV5P",Wall Plate,LWP-12O,Acrylic Silver,Active,"1, 5",57.3,23.4,12.4,35.6,688.0,281.0,62.0,29,0,78.0,Acrylic Gold,LWP-12O-AGD,24.5,35.0,17.7,15.6,候选 Acrylic Silver 全期月销 35.6；同型号最佳 Acrylic Gold 月销 24.5
333,LMWP-31M-HB,LMWP-31M-HB,Metal Wall Plate,LMWP-31M,Hammered Brass,Active,1,37.5,33.6,39.0,36.1,450.0,403.0,195.0,29,0,91.0,Brushed Brass,LMWP-31M-BB,1417.5,1299.3,1391.8,1762.6,候选 Hammered Brass 全期月销 36.1；同型号最佳 Brushed Brass 月销 1417.5
334,LWE3-315-SV,LWE3-315-SV,Outlet Extender,LWE3,Silver,Active,1,34.0,39.1,36.0,36.4,408.0,469.0,180.0,29,0,67.0,White,LWE3-315-W,9608.3,6464.7,11922.4,11599.2,候选 Silver 全期月销 36.4；同型号最佳 White 月销 9608.3
335,LCS1-1PTR-GDSWP,"LCS1-1PTR-GDSWP, LCS1-1PTR-GDSWP2P",Combination Switch,LCS1-1PTR,Gold,Active,"1, 2",27.3,43.6,42.0,36.6,328.0,523.0,210.0,29,0,68.0,White,LCS1-1PTR-WSWP,105.3,180.1,66.2,19.4,候选 Gold 全期月销 36.6；同型号最佳 White 月销 105.3
336,LSWP-02M-BK,LSWP-02M-BK10P,Screwless Wall Plate,LSWP-02M,Black,Active,10,50.0,28.9,17.5,36.7,550.0,260.0,70.0,24,5,380.0,White,LSWP-02M-W,63.2,85.8,51.8,34.0,候选 Black 全期月销 36.7；同型号最佳 White 月销 63.2
337,LMWP-1121M-PB,LMWP-1121M-PB,Metal Wall Plate,LMWP-1121M,Polished Brass,Active,1,37.1,42.0,25.0,37.0,445.0,504.0,125.0,29,0,92.0,Brushed Brass,LMWP-1121M-BB,50.1,36.7,51.8,78.0,候选 Polished Brass 全期月销 37.0；同型号最佳 Brushed Brass 月销 50.1
338,LMWP-41M-AB,LMWP-41M-AB,Metal Wall Plate,LMWP-41M,Antique Brass,Active,1,33.8,43.0,36.0,37.2,405.0,344.0,180.0,25,4,70.0,Brushed Brass,LMWP-41M-BB,42.3,23.6,42.0,61.8,候选 Antique Brass 全期月销 37.2；同型号最佳 Brushed Brass 月销 42.3
339,LGL-3W-WWP,"LGL-3W-WWP, LGL-3W-WWP2P",Guide Light,LGL-3W,White,Active,"1, 2",54.8,24.2,27.6,37.4,657.0,290.0,138.0,29,0,233.0,Black,LGL-3W-BKWP,26.4,19.2,31.2,32.2,候选 White 全期月销 37.4；同型号最佳 Black 月销 26.4
340,LS15-1P-I,"LS15-1P-I, LS15-1P-I5P",Light Switch,LS15-1P,Ivory,Active,"1, 5",27.9,25.8,88.8,37.6,335.0,310.0,444.0,29,0,249.0,Black,LS15-1P-BK,912.6,1000.3,802.1,967.4,候选 Ivory 全期月销 37.6；同型号最佳 Black 月销 912.6
341,LCS3-1P-GDSWP,"LCS3-1P-GDSWP, LCS3-1P-GDSWP2P",Combination Switch,LCS3-1P,Gold,Active,"1, 2",25.1,44.3,54.4,38.1,301.0,532.0,272.0,29,0,90.0,Black,LCS3-1P-BKSWP,63.1,52.7,75.8,57.6,候选 Gold 全期月销 38.1；同型号最佳 Black 月销 63.1
342,LR20-TR-BR,"LR20-TR-BR, LR20-TR-BR5P",Receptacle,LR20-TR,Brown,Active,"1, 5",23.1,41.8,65.4,38.1,277.0,501.0,327.0,29,0,97.0,Gold,LR20-TR-GD,383.9,277.6,448.1,485.2,候选 Brown 全期月销 38.1；同型号最佳 Gold 月销 383.9
343,LSWP-34M-GD,"LSWP-34M-GD, LSWP-34M-GD2P",Screwless Wall Plate,LSWP-34M,Gold,Active,"1, 2",29.9,40.6,52.2,38.2,359.0,487.0,261.0,29,0,63.0,White,LSWP-34M-W,654.7,740.4,614.6,545.0,候选 Gold 全期月销 38.2；同型号最佳 White 月销 654.7
344,LMWP-34M-BB,LMWP-34M-BB,Metal Wall Plate,LMWP-34M,Brushed Brass,Active,1,38.0,34.5,48.4,38.3,456.0,414.0,242.0,29,0,67.0,Antique Brass,LMWP-34M-AB,15.4,15.6,15.1,0.0,候选 Brushed Brass 全期月销 38.3；同型号最佳 Antique Brass 月销 15.4
345,LWP-33O-ASV,"LWP-33O-ASV, LWP-33O-ASV5P",Wall Plate,LWP-33O,Acrylic Silver,Active,"1, 5",42.8,34.3,0.0,38.7,513.0,377.0,0.0,23,6,56.0,Acrylic Gold,LWP-33O-AGD,11.9,10.3,16.5,4.6,候选 Acrylic Silver 全期月销 38.7；同型号最佳 Acrylic Gold 月销 11.9
346,LR15E-TR-BBKSBWP,"LR15E-TR-BBKSBWP, LR15E-TR-BBKSBWP5P",Receptacle,LR15E-TR,Brushed Black,Active,"1, 5",38.0,28.7,64.4,39.0,152.0,344.0,322.0,21,8,135.0,Black,LR15E-TR-BK,730.4,1142.2,653.3,174.0,候选 Brushed Black 全期月销 39.0；同型号最佳 Black 月销 730.4
347,LMWP-33M-PB,LMWP-33M-PB,Metal Wall Plate,LMWP-33M,Polished Brass,Active,1,45.9,33.2,36.8,39.1,551.0,398.0,184.0,29,0,78.0,Brushed Brass,LMWP-33M-BB,105.1,99.9,106.2,115.2,候选 Polished Brass 全期月销 39.1；同型号最佳 Brushed Brass 月销 105.1
348,LWE8-3RAC2-BK,LWE8-3RAC2-BK,Outlet Extender,LWE8,Black,Active,1,53.2,32.3,27.8,39.2,532.0,388.0,139.0,27,2,82.0,White,LWE8-3RAC2-W,119.2,152.5,110.8,72.8,候选 Black 全期月销 39.2；同型号最佳 White 月销 119.2
349,LS15-3W-BR,LS15-3W-BR,Light Switch,LS15-3W,Brown,Active,1,27.3,45.8,52.0,39.2,328.0,550.0,260.0,29,0,125.0,Black,LS15-3W-BK,583.7,687.4,519.3,489.4,候选 Brown 全期月销 39.2；同型号最佳 Black 月销 583.7
350,LMWP-14M-BB,LMWP-14M-BB,Metal Wall Plate,LMWP-14M,Brushed Brass,Active,1,24.6,48.1,54.2,39.4,295.0,577.0,271.0,29,0,93.0,Stainless Steel,LMWP-14M-SS,18.9,27.2,12.0,15.4,候选 Brushed Brass 全期月销 39.4；同型号最佳 Stainless Steel 月销 18.9
351,LMWP-22M-SS,LMWP-22M-SS,Metal Wall Plate,LMWP-22M,Stainless Steel,Active,1,41.3,42.1,25.8,39.4,496.0,505.0,103.0,28,1,111.0,Brushed Brass,LMWP-22M-BB,33.4,30.7,33.3,40.4,候选 Stainless Steel 全期月销 39.4；同型号最佳 Brushed Brass 月销 33.4
352,LSMWP-31M-PC,LSMWP-31M-PC,Metal Wall Plate,LSMWP-31M,Polished Chrome,Active,1,36.1,43.4,40.8,39.9,433.0,521.0,204.0,29,0,80.0,Brushed Brass,LSMWP-31M-BB,171.2,116.7,234.3,118.0,候选 Polished Chrome 全期月销 39.9；同型号最佳 Brushed Brass 月销 171.2
353,LCS1-1PTR-BK,LCS1-1PTR-BK,Combination Switch,LCS1-1PTR,Black,Active,1,38.6,40.8,42.2,40.1,463.0,490.0,211.0,29,0,76.0,White,LCS1-1PTR-WSWP,105.3,180.1,66.2,19.4,候选 Black 全期月销 40.1；同型号最佳 White 月销 105.3
354,LS15-3W-NK,"LS15-3W-NK, LS15-3W-NK5P",Light Switch,LS15-3W,Nickel,Active,"1, 5",31.8,35.2,72.2,40.2,382.0,422.0,361.0,29,0,103.0,Black,LS15-3W-BK,583.7,687.4,519.3,489.4,候选 Nickel 全期月销 40.2；同型号最佳 Black 月销 583.7
355,LR15E-TR-BW,LR15E-TR-BW5P,Receptacle,LR15E-TR,Brushed White,Active,5,21.7,44.5,56.0,40.7,130.0,445.0,280.0,21,8,145.0,Black,LR15E-TR-BK,730.4,1142.2,653.3,174.0,候选 Brushed White 全期月销 40.7；同型号最佳 Black 月销 730.4
356,LSWP-33M-BNK,LSWP-33M-BNK,Screwless Wall Plate,LSWP-33M,Brushed Nickel,Active,1,36.2,39.7,54.0,40.8,434.0,397.0,270.0,27,2,86.0,White,LSWP-33M-W,1279.6,1391.2,1214.6,1167.6,候选 Brushed Nickel 全期月销 40.8；同型号最佳 White 月销 1279.6
357,LTS-30M-WWP,"LTS-30M-WWP, LTS-30M-WWP2P",Timer,LTS-30M,White,Active,"1, 2",55.4,37.2,14.8,40.9,665.0,446.0,74.0,29,0,206.0,Light Almond,LTS-30M-LAWP,8.7,9.5,7.5,9.6,候选 White 全期月销 40.9；同型号最佳 Light Almond 月销 8.7
358,LMWP-01M-AB,LMWP-01M-AB,Metal Wall Plate,LMWP-01M,Antique Brass,Active,1,46.3,37.8,13.0,40.9,556.0,454.0,13.0,25,4,67.0,Stainless Steel,LMWP-01M-SS-,269.8,162.5,220.4,646.0,候选 Antique Brass 全期月销 40.9；同型号最佳 Stainless Steel 月销 269.8
359,LWP-31M-LA,LWP-31M-LA,Wall Plate,LWP-31M,Light Almond,Active,1,18.1,59.6,51.4,41.0,217.0,715.0,257.0,29,0,106.0,White,LWP-31M-W,720.2,577.8,829.7,799.0,候选 Light Almond 全期月销 41.0；同型号最佳 White 月销 720.2
360,LS15E-1P-BW,LS15E-1P-BW5P,Light Switch,LS15E-1P,Brushed White,Active,5,53.3,44.6,18.0,41.1,320.0,535.0,90.0,23,6,135.0,Brushed Gold,LS15E-1P-BGD,577.2,0.0,390.5,726.6,候选 Brushed White 全期月销 41.1；同型号最佳 Brushed Gold 月销 577.2
361,LE5-3RAC2-BK,LE5-3RAC2-BK,Outlet Extender,LE5,Black,Active,1,42.0,47.8,25.0,41.4,420.0,574.0,125.0,27,2,109.0,White,LE5-3RAC2-W,216.3,188.9,273.2,134.4,候选 Black 全期月销 41.4；同型号最佳 White 月销 216.3
362,LMWP-41M-BB,LMWP-41M-BB,Metal Wall Plate,LMWP-41M,Brushed Brass,Inactive,1,23.6,42.0,61.8,42.3,118.0,504.0,309.0,22,7,87.0,Antique Brass,LMWP-41M-AB,37.2,33.8,43.0,36.0,候选 Brushed Brass 全期月销 42.3；同型号最佳 Antique Brass 月销 37.2
363,LSWP-33M-GY,LSWP-33M-GY,Screwless Wall Plate,LSWP-33M,Gray,Active,1,40.6,34.8,65.4,42.5,487.0,418.0,327.0,29,0,79.0,White,LSWP-33M-W,1279.6,1391.2,1214.6,1167.6,候选 Gray 全期月销 42.5；同型号最佳 White 月销 1279.6
364,LSWP-32M-ASV,LSWP-32M-ASV,Screwless Wall Plate,LSWP-32M,Silver,Active,1,46.7,40.1,42.0,43.1,560.0,481.0,210.0,29,0,55.0,White,LSWP-32M-W,3751.2,3808.0,3425.7,4396.0,候选 Silver 全期月销 43.1；同型号最佳 White 月销 3751.2
365,LMWP-1131M-BB,LMWP-1131M-BB,Metal Wall Plate,LMWP-1131M,Brushed Brass,Active,1,37.8,46.1,55.6,44.2,454.0,461.0,278.0,27,2,91.0,Polished Brass,LMWP-1131M-PB,25.2,24.1,31.6,12.6,候选 Brushed Brass 全期月销 44.2；同型号最佳 Polished Brass 月销 25.2
366,LS15-1P-SG,"LS15-1P-SG, LS15-1P-SG5P",Light Switch,LS15-1P,Space Gray,Active,"1, 5",39.5,39.4,67.6,44.3,474.0,473.0,338.0,29,0,95.0,Black,LS15-1P-BK,912.6,1000.3,802.1,967.4,候选 Space Gray 全期月销 44.3；同型号最佳 Black 月销 912.6
367,LS15-1P-SV,"LS15-1P-SV, LS15-1P-SV5P",Light Switch,LS15-1P,Silver,Active,"1, 5",44.8,39.3,62.4,45.6,537.0,472.0,312.0,29,0,93.0,Black,LS15-1P-BK,912.6,1000.3,802.1,967.4,候选 Silver 全期月销 45.6；同型号最佳 Black 月销 912.6
368,LFS-3S-WWP,LFS-3S-WWP,Fan,LFS-3S,White,Active,1,79.2,26.0,12.4,45.7,951.0,312.0,62.0,29,0,117.0,Black,LFS-3S-BKWP,48.5,41.0,43.2,79.2,候选 White 全期月销 45.7；同型号最佳 Black 月销 48.5
369,LDS-1P-WWP,LDS-1P-WWP,Dimmer,LDS-1P,White,Active,1,62.7,39.0,22.0,45.9,752.0,468.0,110.0,29,0,118.0,Black,LDS-1P-BKWP,16.7,27.2,10.7,4.8,候选 White 全期月销 45.9；同型号最佳 Black 月销 16.7
370,LWP-31M-BR,LWP-31M-BR,Wall Plate,LWP-31M,Brown,Active,1,39.4,53.4,52.4,46.8,473.0,481.0,262.0,26,3,122.0,White,LWP-31M-W,720.2,577.8,829.7,799.0,候选 Brown 全期月销 46.8；同型号最佳 White 月销 720.2
371,LDS-PL-BK,LDS-PL-BK,Dimmer,LDS-PL,Black,Active,1,62.8,36.2,36.2,47.2,754.0,435.0,181.0,29,0,125.0,White,LDS-PL-W,73.0,91.8,45.8,93.0,候选 Black 全期月销 47.2；同型号最佳 White 月销 73.0
372,LMWP-32M-PC,LMWP-32M-PC,Metal Wall Plate,LMWP-32M,Polished Chrome,Active,1,52.8,51.1,27.4,47.7,634.0,613.0,137.0,29,0,86.0,Brushed Brass,LMWP-32M-BB,374.5,343.8,358.3,487.2,候选 Polished Chrome 全期月销 47.7；同型号最佳 Brushed Brass 月销 374.5
373,LDFS-1P3S-BKWP,LDFS-1P3S-BKWP2P,Dimmer,LDFS-1P3S,Black,Active,2,38.3,52.5,60.8,47.9,460.0,578.0,304.0,28,1,92.0,White,LDFS-1P3S-WWP,34.2,42.9,34.0,14.0,候选 Black 全期月销 47.9；同型号最佳 White 月销 34.2
374,LSMWP-31M-PB,LSMWP-31M-PB,Metal Wall Plate,LSMWP-31M,Polished Brass,Active,1,70.3,31.4,35.4,48.2,844.0,377.0,177.0,29,0,118.0,Brushed Brass,LSMWP-31M-BB,171.2,116.7,234.3,118.0,候选 Polished Brass 全期月销 48.2；同型号最佳 Brushed Brass 月销 171.2
375,LTU-RPD36AC2-W,LTU-RPD36AC2-W,Desk Grommet,LTU-RPD36AC2,White,Active,1,26.5,68.2,10.0,48.5,53.0,818.0,50.0,19,10,110.0,Black,LTU-RPD36AC2-BK,26.2,25.0,29.2,19.4,候选 White 全期月销 48.5；同型号最佳 Black 月销 26.2
376,LFS-3S-BKWP,LFS-3S-BKWP2P,Fan,LFS-3S,Black,Active,2,41.0,43.2,79.2,48.5,492.0,518.0,396.0,29,0,192.0,White,LFS-3S-WWP,45.7,79.2,26.0,12.4,候选 Black 全期月销 48.5；同型号最佳 White 月销 45.7
377,LSWP-01M-GD,LSWP-01M-GD10P,Screwless Wall Plate,LSWP-01M,Gold,Active,10,40.8,48.2,70.0,48.9,490.0,530.0,350.0,28,1,140.0,White,LSWP-01M-W,736.7,1066.2,547.2,400.6,候选 Gold 全期月销 48.9；同型号最佳 White 月销 736.7
378,LMWP-33M-AB,LMWP-33M-AB,Metal Wall Plate,LMWP-33M,Antique Brass,Active,1,48.2,50.5,0.0,49.3,578.0,555.0,0.0,23,6,104.0,Brushed Brass,LMWP-33M-BB,105.1,99.9,106.2,115.2,候选 Antique Brass 全期月销 49.3；同型号最佳 Brushed Brass 月销 105.1
379,LSWP-31M-BSG,LSWP-31M-BSG,Screwless Wall Plate,LSWP-31M,Space Gray,Active,1,52.6,51.2,37.0,49.3,631.0,615.0,185.0,29,0,104.0,White,LSWP-31M-W,10342.4,8557.3,10432.1,14411.6,候选 Space Gray 全期月销 49.3；同型号最佳 White 月销 10342.4
380,LMWP-21M-HB,LMWP-21M-HB,Metal Wall Plate,LMWP-21M,Hammered Brass,Active,1,59.8,43.5,39.8,49.6,718.0,522.0,199.0,29,0,104.0,Stainless Steel,LMWP-21M-SS-,1545.9,939.6,1939.2,2057.0,候选 Hammered Brass 全期月销 49.6；同型号最佳 Stainless Steel 月销 1545.9
381,LMWP-01M-PB,LMWP-01M-PB,Metal Wall Plate,LMWP-01M,Polished Brass,Active,1,50.5,50.1,46.6,49.7,606.0,601.0,233.0,29,0,120.0,Stainless Steel,LMWP-01M-SS-,269.8,162.5,220.4,646.0,候选 Polished Brass 全期月销 49.7；同型号最佳 Stainless Steel 月销 269.8
382,LWP-34M-W,LWP-34M-W,Wall Plate,LWP-34M,White,Active,1,58.9,46.1,38.0,50.0,707.0,553.0,190.0,29,0,114.0,Black,LWP-34M-BK,75.3,85.8,85.4,29.8,候选 White 全期月销 50.0；同型号最佳 Black 月销 75.3
383,LR15-TR-I,"LR15-TR-I, LR15-TR-I10P, LR15-TR-I5P",Receptacle,LR15-TR,Ivory,Active,"1, 5, 10",31.4,60.5,74.5,50.0,377.0,726.0,298.0,28,1,197.0,Gold,LR15-TR-GDSWP,2135.5,1282.8,2432.6,3469.2,候选 Ivory 全期月销 50.0；同型号最佳 Gold 月销 2135.5
384,LMWP-1121M-BB,LMWP-1121M-BB,Metal Wall Plate,LMWP-1121M,Brushed Brass,Active,1,36.7,51.8,78.0,50.1,440.0,622.0,390.0,29,0,114.0,Polished Brass,LMWP-1121M-PB,37.0,37.1,42.0,25.0,候选 Brushed Brass 全期月销 50.1；同型号最佳 Polished Brass 月销 37.0
385,LMWP-12M-HAB,LMWP-12M-HAB,Metal Wall Plate,LMWP-12M,Hammered Antique Brass,Active,1,41.6,66.1,33.8,50.4,499.0,793.0,169.0,29,0,132.0,Brushed Brass,LMWP-12M-BB,535.6,416.8,609.2,644.2,候选 Hammered Antique Brass 全期月销 50.4；同型号最佳 Brushed Brass 月销 535.6
386,LMWP-33M-SS,LMWP-33M-SS,Metal Wall Plate,LMWP-33M,Stainless Steel,Active,1,56.9,49.2,38.8,50.6,683.0,591.0,194.0,29,0,104.0,Brushed Brass,LMWP-33M-BB,105.1,99.9,106.2,115.2,候选 Stainless Steel 全期月销 50.6；同型号最佳 Brushed Brass 月销 105.1
387,LS15-4W-GD,LS15-4W-GD,Light Switch,LS15-4W,Gold,Active,1,37.9,56.5,71.6,51.0,455.0,565.0,358.0,27,2,125.0,Black,LS15-4W-BK,200.6,246.8,175.7,149.2,候选 Gold 全期月销 51.0；同型号最佳 Black 月销 200.6
388,LS15-1P-BR,LS15-1P-BR,Light Switch,LS15-1P,Brown,Active,1,36.5,53.4,81.4,51.1,438.0,534.0,407.0,27,2,138.0,Black,LS15-1P-BK,912.6,1000.3,802.1,967.4,候选 Brown 全期月销 51.1；同型号最佳 Black 月销 912.6
389,LSWP-33M-LA,LSWP-33M-LA,Screwless Wall Plate,LSWP-33M,Light Almond,Active,1,43.9,51.2,80.8,53.3,527.0,615.0,404.0,29,0,116.0,White,LSWP-33M-W,1279.6,1391.2,1214.6,1167.6,候选 Light Almond 全期月销 53.3；同型号最佳 White 月销 1279.6
390,LMWP-21M-PC,LMWP-21M-PC,Metal Wall Plate,LMWP-21M,Polished Chrome,Active,1,65.6,49.7,41.0,54.8,787.0,596.0,205.0,29,0,116.0,Stainless Steel,LMWP-21M-SS-,1545.9,939.6,1939.2,2057.0,候选 Polished Chrome 全期月销 54.8；同型号最佳 Stainless Steel 月销 1545.9
391,LSWP-31M-AGD,LSWP-31M-AGD,Screwless Wall Plate,LSWP-31M,Gold,Active,1,80.1,45.1,21.2,55.4,961.0,541.0,106.0,29,0,119.0,White,LSWP-31M-W,10342.4,8557.3,10432.1,14411.6,候选 Gold 全期月销 55.4；同型号最佳 White 月销 10342.4
392,LSWP-31M-SV,LSWP-31M-SV,Screwless Wall Plate,LSWP-31M,Silver,Active,1,76.5,39.6,48.2,56.3,918.0,475.0,241.0,29,0,141.0,White,LSWP-31M-W,10342.4,8557.3,10432.1,14411.6,候选 Silver 全期月销 56.3；同型号最佳 White 月销 10342.4
393,LCS3-1P-WSWP,"LCS3-1P-WSWP, LCS3-1P-WSWP2P",Combination Switch,LCS3-1P,White,Active,"1, 2",66.0,41.6,70.6,56.7,792.0,499.0,353.0,29,0,104.0,Black,LCS3-1P-BKSWP,63.1,52.7,75.8,57.6,候选 White 全期月销 56.7；同型号最佳 Black 月销 63.1
394,LMWP-31M-AC,LMWP-31M-AC,Metal Wall Plate,LMWP-31M,Antique Copper,Active,1,49.2,60.5,73.8,58.1,590.0,726.0,369.0,29,0,162.0,Brushed Brass,LMWP-31M-BB,1417.5,1299.3,1391.8,1762.6,候选 Antique Copper 全期月销 58.1；同型号最佳 Brushed Brass 月销 1417.5
395,LMWP-21M-HAC,LMWP-21M-HAC,Metal Wall Plate,LMWP-21M,Hammered Antique Copper,Active,1,38.8,73.2,76.0,59.4,465.0,878.0,380.0,29,0,191.0,Stainless Steel,LMWP-21M-SS-,1545.9,939.6,1939.2,2057.0,候选 Hammered Antique Copper 全期月销 59.4；同型号最佳 Stainless Steel 月销 1545.9
396,LS15E-3W-BK,LS15E-3W-BK10P,Light Switch,LS15E-3W,Black,Active,10,98.0,28.0,52.0,60.8,980.0,280.0,260.0,25,4,230.0,White,LS15E-3W-W,497.0,722.0,370.3,351.2,候选 Black 全期月销 60.8；同型号最佳 White 月销 497.0
397,LMWP-13M-PB,LMWP-13M-PB,Metal Wall Plate,LMWP-13M,Polished Brass,Active,1,84.2,51.8,31.0,61.6,1010.0,622.0,155.0,29,0,126.0,Brushed Brass,LMWP-13M-BB,173.2,53.5,178.2,304.6,候选 Polished Brass 全期月销 61.6；同型号最佳 Brushed Brass 月销 173.2
398,LSMWP-32M-BB,LSMWP-32M-BB,Metal Wall Plate,LSMWP-32M,Brushed Brass,Active,1,40.9,79.0,66.4,61.8,450.0,948.0,332.0,28,1,157.0,Stainless Steel,LSMWP-32M-SS,31.3,39.1,24.2,29.6,候选 Brushed Brass 全期月销 61.8；同型号最佳 Stainless Steel 月销 31.3
399,LMWP-12M-AB,LMWP-12M-AB,Metal Wall Plate,LMWP-12M,Antique Brass,Active,1,61.4,72.0,4.5,61.9,737.0,864.0,9.0,26,3,130.0,Brushed Brass,LMWP-12M-BB,535.6,416.8,609.2,644.2,候选 Antique Brass 全期月销 61.9；同型号最佳 Brushed Brass 月销 535.6
400,LMWP-32M-SS,LMWP-32M-SS,Metal Wall Plate,LMWP-32M,Stainless Steel,Active,1,70.2,56.2,59.2,62.5,843.0,674.0,296.0,29,0,92.0,Brushed Brass,LMWP-32M-BB,374.5,343.8,358.3,487.2,候选 Stainless Steel 全期月销 62.5；同型号最佳 Brushed Brass 月销 374.5
401,LSWP-32M-BBK,"LSWP-32M-BBK, LSWP-32M-BBK10P",Screwless Wall Plate,LSWP-32M,Brushed Black,"Active, Inactive","1, 10",65.0,64.6,52.2,62.6,780.0,775.0,261.0,29,0,100.0,White,LSWP-32M-W,3751.2,3808.0,3425.7,4396.0,候选 Brushed Black 全期月销 62.6；同型号最佳 White 月销 3751.2
402,LCS3-1P-BKSWP,"LCS3-1P-BKSWP, LCS3-1P-BKSWP2P",Combination Switch,LCS3-1P,Black,Active,"1, 2",52.7,75.8,57.6,63.1,632.0,909.0,288.0,29,0,144.0,White,LCS3-1P-WSWP,56.7,66.0,41.6,70.6,候选 Black 全期月销 63.1；同型号最佳 White 月销 56.7
403,LSWP-02M-W,LSWP-02M-W10P,Screwless Wall Plate,LSWP-02M,White,Active,10,85.8,51.8,34.0,63.2,1030.0,570.0,170.0,28,1,160.0,Black,LSWP-02M-BK,36.7,50.0,28.9,17.5,候选 White 全期月销 63.2；同型号最佳 Black 月销 36.7
404,LCS2-1P-GDSWP,"LCS2-1P-GDSWP, LCS2-1P-GDSWP2P",Combination Switch,LCS2-1P,Gold,Active,"1, 2",64.8,66.3,62.2,65.0,778.0,796.0,311.0,29,0,102.0,Black,LCS2-1P-BK,235.8,183.2,264.5,293.2,候选 Gold 全期月销 65.0；同型号最佳 Black 月销 235.8
405,LSWP-32M-BR,"LSWP-32M-BR, LSWP-32M-BR10P",Screwless Wall Plate,LSWP-32M,Brown,Active,"1, 10",51.2,83.2,58.8,65.8,614.0,999.0,294.0,29,0,214.0,White,LSWP-32M-W,3751.2,3808.0,3425.7,4396.0,候选 Brown 全期月销 65.8；同型号最佳 White 月销 3751.2
406,LHS-F-G-WWP,LHS-F-G-WWP,Humidity Sensor,LHS-F,White,Active,1,84.9,61.8,40.0,66.3,849.0,742.0,200.0,27,2,242.0,Black,LHS-F-G-BKWP,29.8,17.0,34.0,50.5,候选 White 全期月销 66.3；同型号最佳 Black 月销 29.8
407,LR20-TR-W,"LR20-TR-W, LR20-TR-W5P",Receptacle,LR20-TR,White,Active,"1, 5",73.7,49.7,97.8,67.9,884.0,596.0,489.0,29,0,178.0,Gold,LR20-TR-GD,383.9,277.6,448.1,485.2,候选 White 全期月销 67.9；同型号最佳 Gold 月销 383.9
408,LTU-PD65AC2-BK,LTU-PD65AC2-BK,Desk Grommet,LTU-PD65AC2,Black,Active,1,21.0,94.5,23.0,67.9,42.0,1134.0,115.0,19,10,311.0,Gold,LTU-PD65AC2-GD,24.0,0.0,0.0,24.0,候选 Black 全期月销 67.9；同型号最佳 Gold 月销 24.0
409,LWP-01O-ASV,"LWP-01O-ASV, LWP-01O-ASV5P",Wall Plate,LWP-01O,Acrylic Silver,Active,"1, 5",84.1,52.5,0.0,69.0,1009.0,577.0,0.0,23,6,123.0,Acrylic Gold,LWP-01O-AGD,7.2,8.7,7.3,3.2,候选 Acrylic Silver 全期月销 69.0；同型号最佳 Acrylic Gold 月销 7.2
410,LWP-11O-ASV,"LWP-11O-ASV, LWP-11O-ASV5P",Wall Plate,LWP-11O,Acrylic Silver,Active,"1, 5",98.0,56.5,38.8,70.6,1176.0,678.0,194.0,29,0,133.0,Acrylic Gold,LWP-11O-AGD,32.2,44.7,24.7,20.4,候选 Acrylic Silver 全期月销 70.6；同型号最佳 Acrylic Gold 月销 32.2
411,LU-6A3C2-WWP,LU-6A3C2-WWP,USB OUTLET,LU-6A3C2,White,Active,1,55.6,81.2,79.6,71.4,556.0,974.0,398.0,27,2,137.0,Black,LU-6A3C2-BKWP,16.3,17.5,14.4,18.0,候选 White 全期月销 71.4；同型号最佳 Black 月销 16.3
412,LDS-PL-W,LDS-PL-W,Dimmer,LDS-PL,White,Active,1,91.8,45.8,93.0,73.0,1102.0,550.0,465.0,29,0,267.0,Black,LDS-PL-BK,47.2,62.8,36.2,36.2,候选 White 全期月销 73.0；同型号最佳 Black 月销 47.2
413,LCS1-1PTR-W,LCS1-1PTR-W,Combination Switch,LCS1-1PTR,White,Active,1,79.8,84.2,30.4,73.1,958.0,1010.0,152.0,29,0,163.0,Black,LCS1-1PTR-BKSWP,80.0,106.3,67.9,45.8,候选 White 全期月销 73.1；同型号最佳 Black 月销 80.0
414,LSWP-01M-LA,LSWP-01M-LA10P,Screwless Wall Plate,LSWP-01M,Light Almond,Active,10,82.5,72.5,52.0,73.1,990.0,870.0,260.0,29,0,190.0,White,LSWP-01M-W,736.7,1066.2,547.2,400.6,候选 Light Almond 全期月销 73.1；同型号最佳 White 月销 736.7
415,LMWP-11M-HAB,LMWP-11M-HAB,Metal Wall Plate,LMWP-11M,Hammered Antique Brass,Active,1,71.2,96.2,33.0,74.2,854.0,1058.0,165.0,28,1,215.0,Brushed Brass,LMWP-11M-BB,497.6,406.4,496.4,719.0,候选 Hammered Antique Brass 全期月销 74.2；同型号最佳 Brushed Brass 月销 497.6
416,LWP-34M-BK,LWP-34M-BK,Wall Plate,LWP-34M,Black,Active,1,85.8,85.4,29.8,75.3,1030.0,854.0,149.0,27,2,179.0,White,LWP-34M-W,50.0,58.9,46.1,38.0,候选 Black 全期月销 75.3；同型号最佳 White 月销 50.0
417,LWP-31O-AGD,"LWP-31O-AGD, LWP-31O-AGD5P",Wall Plate,LWP-31O,Acrylic Gold,Active,"1, 5",78.1,76.4,68.0,75.7,937.0,917.0,340.0,29,0,154.0,Acrylic Silver,LWP-31O-ASV,411.9,532.8,333.9,309.2,候选 Acrylic Gold 全期月销 75.7；同型号最佳 Acrylic Silver 月销 411.9
418,LWP-32O-ASV,"LWP-32O-ASV, LWP-32O-ASV5P",Wall Plate,LWP-32O,Acrylic Silver,Active,"1, 5",92.9,73.2,40.8,75.8,1115.0,879.0,204.0,29,0,125.0,Acrylic Gold,LWP-32O-AGD,25.7,22.2,30.5,22.8,候选 Acrylic Silver 全期月销 75.8；同型号最佳 Acrylic Gold 月销 25.7
419,LMWP-11M-SS,LMWP-11M-SS,Metal Wall Plate,LMWP-11M,Stainless Steel,Active,1,75.8,75.8,88.4,77.9,909.0,909.0,442.0,29,0,195.0,Brushed Brass,LMWP-11M-BB,497.6,406.4,496.4,719.0,候选 Stainless Steel 全期月销 77.9；同型号最佳 Brushed Brass 月销 497.6
420,LSWP-32M-BNK,LSWP-32M-BNK,Screwless Wall Plate,LSWP-32M,Brushed Nickel,Active,1,71.7,79.3,92.0,78.3,860.0,952.0,460.0,29,0,141.0,White,LSWP-32M-W,3751.2,3808.0,3425.7,4396.0,候选 Brushed Nickel 全期月销 78.3；同型号最佳 White 月销 3751.2
421,LSWP-32M-BW,"LSWP-32M-BW, LSWP-32M-BW10P",Screwless Wall Plate,LSWP-32M,Brushed White,"Active, Inactive","1, 10",91.7,67.9,76.8,79.3,1100.0,815.0,384.0,29,0,130.0,White,LSWP-32M-W,3751.2,3808.0,3425.7,4396.0,候选 Brushed White 全期月销 79.3；同型号最佳 White 月销 3751.2
422,LCS2-1P-W,LCS2-1P-W,Combination Switch,LCS2-1P,White,Active,1,94.0,77.0,57.8,80.7,1128.0,924.0,289.0,29,0,140.0,Black,LCS2-1P-BK,235.8,183.2,264.5,293.2,候选 White 全期月销 80.7；同型号最佳 Black 月销 235.8
423,LSWP-31M-BGY,"LSWP-31M-BGY, LSWP-31M-BGY10P",Screwless Wall Plate,LSWP-31M,Brushed Gray,"Active, Inactive","1, 10",71.8,89.2,80.2,80.8,790.0,1070.0,401.0,28,1,240.0,White,LSWP-31M-W,10342.4,8557.3,10432.1,14411.6,候选 Brushed Gray 全期月销 80.8；同型号最佳 White 月销 10342.4
424,LMWP-31M-HAB,LMWP-31M-HAB,Metal Wall Plate,LMWP-31M,Hammered Antique Brass,Active,1,79.4,85.0,74.8,80.9,953.0,1020.0,374.0,29,0,172.0,Brushed Brass,LMWP-31M-BB,1417.5,1299.3,1391.8,1762.6,候选 Hammered Antique Brass 全期月销 80.9；同型号最佳 Brushed Brass 月销 1417.5
425,LSWP-31M-BSV,LSWP-31M-BSV,Screwless Wall Plate,LSWP-31M,Brushed Silver,Active,1,90.9,85.1,71.2,85.1,1091.0,1021.0,356.0,29,0,160.0,White,LSWP-31M-W,10342.4,8557.3,10432.1,14411.6,候选 Brushed Silver 全期月销 85.1；同型号最佳 White 月销 10342.4
426,LS15-3W-GY,"LS15-3W-GY, LS15-3W-GY5P",Light Switch,LS15-3W,Gray,Active,"1, 5",97.0,88.8,63.8,87.9,1164.0,1066.0,319.0,29,0,157.0,Black,LS15-3W-BK,583.7,687.4,519.3,489.4,候选 Gray 全期月销 87.9；同型号最佳 Black 月销 583.7
